model,precision,recall
SVM_RBF,0.3129139072847682,1.0
SVM_RBF,0.3131731565865783,1.0
SVM_RBF,0.31343283582089554,1.0
SVM_RBF,0.3136929460580913,1.0
SVM_RBF,0.313953488372093,1.0
SVM_RBF,0.314214463840399,1.0
SVM_RBF,0.3144758735440932,1.0
SVM_RBF,0.3147377185678601,1.0
SVM_RBF,0.315,1.0
SVM_RBF,0.31526271893244373,1.0
SVM_RBF,0.31552587646076796,1.0
SVM_RBF,0.3157894736842105,1.0
SVM_RBF,0.31605351170568563,1.0
SVM_RBF,0.3163179916317992,1.0
SVM_RBF,0.3165829145728643,1.0
SVM_RBF,0.316848281642917,1.0
SVM_RBF,0.31711409395973156,1.0
SVM_RBF,0.31738035264483627,1.0
SVM_RBF,0.3176470588235294,1.0
SVM_RBF,0.31791421362489486,1.0
SVM_RBF,0.3181818181818182,1.0
SVM_RBF,0.3184498736310025,1.0
SVM_RBF,0.31871838111298484,1.0
SVM_RBF,0.3189873417721519,1.0
SVM_RBF,0.31925675675675674,1.0
SVM_RBF,0.31952662721893493,1.0
SVM_RBF,0.3197969543147208,1.0
SVM_RBF,0.32006773920406434,1.0
SVM_RBF,0.32033898305084746,1.0
SVM_RBF,0.32061068702290074,1.0
SVM_RBF,0.32088285229202035,1.0
SVM_RBF,0.3211554800339847,1.0
SVM_RBF,0.32142857142857145,1.0
SVM_RBF,0.32170212765957445,1.0
SVM_RBF,0.3219761499148211,1.0
SVM_RBF,0.32225063938618925,1.0
SVM_RBF,0.3225255972696246,1.0
SVM_RBF,0.322801024765158,1.0
SVM_RBF,0.3230769230769231,1.0
SVM_RBF,0.32335329341317365,1.0
SVM_RBF,0.3236301369863014,1.0
SVM_RBF,0.32390745501285345,1.0
SVM_RBF,0.3241852487135506,1.0
SVM_RBF,0.3244635193133047,1.0
SVM_RBF,0.3247422680412371,1.0
SVM_RBF,0.3250214961306965,1.0
SVM_RBF,0.3253012048192771,1.0
SVM_RBF,0.32558139534883723,1.0
SVM_RBF,0.3258620689655172,1.0
SVM_RBF,0.3261432269197584,1.0
SVM_RBF,0.32642487046632124,1.0
SVM_RBF,0.3267070008643042,1.0
SVM_RBF,0.32698961937716264,1.0
SVM_RBF,0.32727272727272727,1.0
SVM_RBF,0.3275563258232236,1.0
SVM_RBF,0.32784041630529054,1.0
SVM_RBF,0.328125,1.0
SVM_RBF,0.32841007819287577,1.0
SVM_RBF,0.32869565217391306,1.0
SVM_RBF,0.3289817232375979,1.0
SVM_RBF,0.32926829268292684,1.0
SVM_RBF,0.3295553618134263,1.0
SVM_RBF,0.3298429319371728,1.0
SVM_RBF,0.33013100436681225,1.0
SVM_RBF,0.3304195804195804,1.0
SVM_RBF,0.33070866141732286,1.0
SVM_RBF,0.3309982486865149,1.0
SVM_RBF,0.3312883435582822,1.0
SVM_RBF,0.33157894736842103,1.0
SVM_RBF,0.33187006145741876,1.0
SVM_RBF,0.3321616871704745,1.0
SVM_RBF,0.3324538258575198,1.0
SVM_RBF,0.33274647887323944,1.0
SVM_RBF,0.33303964757709253,1.0
SVM_RBF,0.3333333333333333,1.0
SVM_RBF,0.33362753751103263,1.0
SVM_RBF,0.3339222614840989,1.0
SVM_RBF,0.33421750663129973,1.0
SVM_RBF,0.3345132743362832,1.0
SVM_RBF,0.33480956598759964,1.0
SVM_RBF,0.3351063829787234,1.0
SVM_RBF,0.33540372670807456,1.0
SVM_RBF,0.33570159857904086,1.0
SVM_RBF,0.336,1.0
SVM_RBF,0.33629893238434166,1.0
SVM_RBF,0.3365983971504898,1.0
SVM_RBF,0.33689839572192515,1.0
SVM_RBF,0.33719892952720787,1.0
SVM_RBF,0.3375,1.0
SVM_RBF,0.3378016085790885,1.0
SVM_RBF,0.33810375670840787,1.0
SVM_RBF,0.3384064458370636,1.0
SVM_RBF,0.3387096774193548,1.0
SVM_RBF,0.33901345291479823,1.0
SVM_RBF,0.3393177737881508,1.0
SVM_RBF,0.33962264150943394,1.0
SVM_RBF,0.33992805755395683,1.0
SVM_RBF,0.3402340234023402,1.0
SVM_RBF,0.34054054054054056,1.0
SVM_RBF,0.3408476104598738,1.0
SVM_RBF,0.34115523465703973,1.0
SVM_RBF,0.34146341463414637,1.0
SVM_RBF,0.34177215189873417,1.0
SVM_RBF,0.3420814479638009,1.0
SVM_RBF,0.3423913043478261,1.0
SVM_RBF,0.34270172257479603,1.0
SVM_RBF,0.3430127041742287,1.0
SVM_RBF,0.34332425068119893,1.0
SVM_RBF,0.34363636363636363,1.0
SVM_RBF,0.34394904458598724,1.0
SVM_RBF,0.3442622950819672,1.0
SVM_RBF,0.3445761166818596,1.0
SVM_RBF,0.3448905109489051,1.0
SVM_RBF,0.3452054794520548,1.0
SVM_RBF,0.34552102376599636,1.0
SVM_RBF,0.3458371454711802,1.0
SVM_RBF,0.34615384615384615,1.0
SVM_RBF,0.3464711274060495,1.0
SVM_RBF,0.3467889908256881,1.0
SVM_RBF,0.34710743801652894,1.0
SVM_RBF,0.3474264705882353,1.0
SVM_RBF,0.34774609015639374,1.0
SVM_RBF,0.34806629834254144,1.0
SVM_RBF,0.34838709677419355,1.0
SVM_RBF,0.34870848708487084,1.0
SVM_RBF,0.3490304709141274,1.0
SVM_RBF,0.34935304990757854,1.0
SVM_RBF,0.34967622571692875,1.0
SVM_RBF,0.35,1.0
SVM_RBF,0.35032437442076,1.0
SVM_RBF,0.35064935064935066,1.0
SVM_RBF,0.35097493036211697,1.0
SVM_RBF,0.3513011152416357,1.0
SVM_RBF,0.3516279069767442,1.0
SVM_RBF,0.35195530726256985,1.0
SVM_RBF,0.35228331780055916,1.0
SVM_RBF,0.35261194029850745,1.0
SVM_RBF,0.35294117647058826,1.0
SVM_RBF,0.3532710280373832,1.0
SVM_RBF,0.35360149672591207,1.0
SVM_RBF,0.3539325842696629,1.0
SVM_RBF,0.3542642924086223,1.0
SVM_RBF,0.3545966228893058,1.0
SVM_RBF,0.35492957746478876,1.0
SVM_RBF,0.35526315789473684,1.0
SVM_RBF,0.35559736594543745,1.0
SVM_RBF,0.3559322033898305,1.0
SVM_RBF,0.35626767200754006,1.0
SVM_RBF,0.35660377358490564,1.0
SVM_RBF,0.35694050991501414,1.0
SVM_RBF,0.3572778827977316,1.0
SVM_RBF,0.3576158940397351,1.0
SVM_RBF,0.35795454545454547,1.0
SVM_RBF,0.3582938388625592,1.0
SVM_RBF,0.3586337760910816,1.0
SVM_RBF,0.358974358974359,1.0
SVM_RBF,0.3593155893536122,1.0
SVM_RBF,0.35965746907706947,1.0
SVM_RBF,0.36,1.0
SVM_RBF,0.3603431839847474,1.0
SVM_RBF,0.3606870229007634,1.0
SVM_RBF,0.36103151862464183,1.0
SVM_RBF,0.361376673040153,1.0
SVM_RBF,0.3617224880382775,1.0
SVM_RBF,0.3620689655172414,1.0
SVM_RBF,0.3624161073825503,1.0
SVM_RBF,0.362763915547025,1.0
SVM_RBF,0.3631123919308357,1.0
SVM_RBF,0.36346153846153845,1.0
SVM_RBF,0.3638113570741097,1.0
SVM_RBF,0.36416184971098264,1.0
SVM_RBF,0.36451301832208294,1.0
SVM_RBF,0.36486486486486486,1.0
SVM_RBF,0.3652173913043478,1.0
SVM_RBF,0.3655705996131528,1.0
SVM_RBF,0.3659244917715392,1.0
SVM_RBF,0.36627906976744184,1.0
SVM_RBF,0.36663433559650827,1.0
SVM_RBF,0.36699029126213595,1.0
SVM_RBF,0.3673469387755102,1.0
SVM_RBF,0.36770428015564205,1.0
SVM_RBF,0.36806231742940604,1.0
SVM_RBF,0.3684210526315789,1.0
SVM_RBF,0.36878048780487804,1.0
SVM_RBF,0.369140625,1.0
SVM_RBF,0.36950146627565983,1.0
SVM_RBF,0.3698630136986301,1.0
SVM_RBF,0.3702252693437806,1.0
SVM_RBF,0.37058823529411766,1.0
SVM_RBF,0.37095191364082436,1.0
SVM_RBF,0.3713163064833006,1.0
SVM_RBF,0.37168141592920356,1.0
SVM_RBF,0.3720472440944882,1.0
SVM_RBF,0.3724137931034483,1.0
SVM_RBF,0.3727810650887574,1.0
SVM_RBF,0.37314906219151034,1.0
SVM_RBF,0.37351778656126483,1.0
SVM_RBF,0.37388724035608306,1.0
SVM_RBF,0.37425742574257426,1.0
SVM_RBF,0.37462834489593655,1.0
SVM_RBF,0.375,1.0
SVM_RBF,0.3753723932472691,1.0
SVM_RBF,0.3757455268389662,1.0
SVM_RBF,0.3761194029850746,1.0
SVM_RBF,0.37649402390438247,1.0
SVM_RBF,0.37686939182452645,1.0
SVM_RBF,0.3772455089820359,1.0
SVM_RBF,0.3776223776223776,1.0
SVM_RBF,0.378,1.0
SVM_RBF,0.3783783783783784,1.0
SVM_RBF,0.3787575150300601,1.0
SVM_RBF,0.3791374122367101,1.0
SVM_RBF,0.3795180722891566,1.0
SVM_RBF,0.3798994974874372,1.0
SVM_RBF,0.38028169014084506,1.0
SVM_RBF,0.3806646525679758,1.0
SVM_RBF,0.3810483870967742,1.0
SVM_RBF,0.38143289606458125,1.0
SVM_RBF,0.38181818181818183,1.0
SVM_RBF,0.3822042467138524,1.0
SVM_RBF,0.3825910931174089,1.0
SVM_RBF,0.3829787234042553,1.0
SVM_RBF,0.38336713995943206,1.0
SVM_RBF,0.383756345177665,1.0
SVM_RBF,0.38414634146341464,1.0
SVM_RBF,0.38453713123092575,1.0
SVM_RBF,0.384928716904277,1.0
SVM_RBF,0.3853211009174312,1.0
SVM_RBF,0.38571428571428573,1.0
SVM_RBF,0.3861082737487232,1.0
SVM_RBF,0.38650306748466257,1.0
SVM_RBF,0.38689866939611056,1.0
SVM_RBF,0.38729508196721313,1.0
SVM_RBF,0.38769230769230767,1.0
SVM_RBF,0.38809034907597534,1.0
SVM_RBF,0.38848920863309355,1.0
SVM_RBF,0.3888888888888889,1.0
SVM_RBF,0.38928939237899074,1.0
SVM_RBF,0.38969072164948454,1.0
SVM_RBF,0.39009287925696595,1.0
SVM_RBF,0.390495867768595,1.0
SVM_RBF,0.390899689762151,1.0
SVM_RBF,0.391304347826087,1.0
SVM_RBF,0.3917098445595855,1.0
SVM_RBF,0.3921161825726141,1.0
SVM_RBF,0.3925233644859813,1.0
SVM_RBF,0.39293139293139295,1.0
SVM_RBF,0.39334027055150883,1.0
SVM_RBF,0.39375,1.0
SVM_RBF,0.39416058394160586,1.0
SVM_RBF,0.3945720250521921,1.0
SVM_RBF,0.3949843260188088,1.0
SVM_RBF,0.39539748953974896,1.0
SVM_RBF,0.3958115183246073,1.0
SVM_RBF,0.39622641509433965,1.0
SVM_RBF,0.39664218258132217,1.0
SVM_RBF,0.39705882352941174,1.0
SVM_RBF,0.39747634069400634,1.0
SVM_RBF,0.39789473684210525,1.0
SVM_RBF,0.39831401475237094,1.0
SVM_RBF,0.3987341772151899,1.0
SVM_RBF,0.3991552270327349,1.0
SVM_RBF,0.39957716701902746,1.0
SVM_RBF,0.4,1.0
SVM_RBF,0.4004237288135593,1.0
SVM_RBF,0.40084835630965004,1.0
SVM_RBF,0.4012738853503185,1.0
SVM_RBF,0.40170031880977686,1.0
SVM_RBF,0.4021276595744681,1.0
SVM_RBF,0.402555910543131,1.0
SVM_RBF,0.40298507462686567,1.0
SVM_RBF,0.4034151547491996,1.0
SVM_RBF,0.40384615384615385,1.0
SVM_RBF,0.4042780748663102,1.0
SVM_RBF,0.40471092077087795,1.0
SVM_RBF,0.40514469453376206,1.0
SVM_RBF,0.4055793991416309,1.0
SVM_RBF,0.40601503759398494,1.0
SVM_RBF,0.4064516129032258,1.0
SVM_RBF,0.4068891280947255,1.0
SVM_RBF,0.4073275862068966,1.0
SVM_RBF,0.4077669902912621,1.0
SVM_RBF,0.408207343412527,1.0
SVM_RBF,0.40864864864864864,1.0
SVM_RBF,0.4090909090909091,1.0
SVM_RBF,0.409534127843987,1.0
SVM_RBF,0.40997830802603036,1.0
SVM_RBF,0.41042345276872966,1.0
SVM_RBF,0.4108695652173913,1.0
SVM_RBF,0.41131664853101196,1.0
SVM_RBF,0.4117647058823529,1.0
SVM_RBF,0.4122137404580153,1.0
SVM_RBF,0.4126637554585153,1.0
SVM_RBF,0.4131147540983607,1.0
SVM_RBF,0.4135667396061269,1.0
SVM_RBF,0.4140197152245345,1.0
SVM_RBF,0.4144736842105263,1.0
SVM_RBF,0.4149286498353458,1.0
SVM_RBF,0.4153846153846154,1.0
SVM_RBF,0.4158415841584158,1.0
SVM_RBF,0.41629955947136565,1.0
SVM_RBF,0.41675854465270123,1.0
SVM_RBF,0.41721854304635764,1.0
SVM_RBF,0.4176795580110497,1.0
SVM_RBF,0.41814159292035397,1.0
SVM_RBF,0.4186046511627907,1.0
SVM_RBF,0.4190687361419069,1.0
SVM_RBF,0.4195338512763596,1.0
SVM_RBF,0.42,1.0
SVM_RBF,0.42046718576195774,1.0
SVM_RBF,0.4209354120267261,1.0
SVM_RBF,0.4214046822742475,1.0
SVM_RBF,0.421875,1.0
SVM_RBF,0.4223463687150838,1.0
SVM_RBF,0.4228187919463087,1.0
SVM_RBF,0.4232922732362822,1.0
SVM_RBF,0.42376681614349776,1.0
SVM_RBF,0.42424242424242425,1.0
SVM_RBF,0.4247191011235955,1.0
SVM_RBF,0.4251968503937008,1.0
SVM_RBF,0.42567567567567566,1.0
SVM_RBF,0.42615558060879366,1.0
SVM_RBF,0.42663656884875845,1.0
SVM_RBF,0.4271186440677966,1.0
SVM_RBF,0.4276018099547511,1.0
SVM_RBF,0.42808607021517553,1.0
SVM_RBF,0.42857142857142855,1.0
SVM_RBF,0.42905788876276957,1.0
SVM_RBF,0.42954545454545456,1.0
SVM_RBF,0.4300341296928328,1.0
SVM_RBF,0.4305239179954442,1.0
SVM_RBF,0.43101482326111745,1.0
SVM_RBF,0.4315068493150685,1.0
SVM_RBF,0.432,1.0
SVM_RBF,0.43249427917620137,1.0
SVM_RBF,0.4329896907216495,1.0
SVM_RBF,0.4334862385321101,1.0
SVM_RBF,0.43398392652123996,1.0
SVM_RBF,0.43448275862068964,1.0
SVM_RBF,0.43498273878020716,1.0
SVM_RBF,0.43548387096774194,1.0
SVM_RBF,0.4359861591695502,1.0
SVM_RBF,0.43648960739030024,1.0
SVM_RBF,0.4369942196531792,1.0
SVM_RBF,0.4375,1.0
SVM_RBF,0.4380069524913094,1.0
SVM_RBF,0.4385150812064965,1.0
SVM_RBF,0.43902439024390244,1.0
SVM_RBF,0.43953488372093025,1.0
SVM_RBF,0.440046565774156,1.0
SVM_RBF,0.4405594405594406,1.0
SVM_RBF,0.441073512252042,1.0
SVM_RBF,0.441588785046729,1.0
SVM_RBF,0.4421052631578947,1.0
SVM_RBF,0.4426229508196721,1.0
SVM_RBF,0.44314185228604924,1.0
SVM_RBF,0.44366197183098594,1.0
SVM_RBF,0.44418331374853115,1.0
SVM_RBF,0.4447058823529412,1.0
SVM_RBF,0.4452296819787986,1.0
SVM_RBF,0.44575471698113206,1.0
SVM_RBF,0.4462809917355372,1.0
SVM_RBF,0.44680851063829785,1.0
SVM_RBF,0.44733727810650886,1.0
SVM_RBF,0.44786729857819907,1.0
SVM_RBF,0.4483985765124555,1.0
SVM_RBF,0.4489311163895487,1.0
SVM_RBF,0.44946492271105826,1.0
SVM_RBF,0.45,1.0
SVM_RBF,0.4505363528009535,1.0
SVM_RBF,0.4510739856801909,1.0
SVM_RBF,0.45161290322580644,1.0
SVM_RBF,0.45215311004784686,1.0
SVM_RBF,0.45269461077844314,1.0
SVM_RBF,0.45323741007194246,1.0
SVM_RBF,0.453781512605042,1.0
SVM_RBF,0.4543269230769231,1.0
SVM_RBF,0.4548736462093863,1.0
SVM_RBF,0.45542168674698796,1.0
SVM_RBF,0.4559710494571773,1.0
SVM_RBF,0.45652173913043476,1.0
SVM_RBF,0.4570737605804111,1.0
SVM_RBF,0.4576271186440678,1.0
SVM_RBF,0.4581818181818182,1.0
SVM_RBF,0.4587378640776699,1.0
SVM_RBF,0.45929526123936815,1.0
SVM_RBF,0.45985401459854014,1.0
SVM_RBF,0.46041412911084045,1.0
SVM_RBF,0.4609756097560976,1.0
SVM_RBF,0.46153846153846156,1.0
SVM_RBF,0.4621026894865526,1.0
SVM_RBF,0.46266829865361075,1.0
SVM_RBF,0.4632352941176471,1.0
SVM_RBF,0.4638036809815951,1.0
SVM_RBF,0.4643734643734644,1.0
SVM_RBF,0.46494464944649444,1.0
SVM_RBF,0.46551724137931033,1.0
SVM_RBF,0.46609124537607893,1.0
SVM_RBF,0.4666666666666667,1.0
SVM_RBF,0.4672435105067985,1.0
SVM_RBF,0.46782178217821785,1.0
SVM_RBF,0.4684014869888476,1.0
SVM_RBF,0.46898263027295284,1.0
SVM_RBF,0.46956521739130436,1.0
SVM_RBF,0.4701492537313433,1.0
SVM_RBF,0.47073474470734744,1.0
SVM_RBF,0.4713216957605985,1.0
SVM_RBF,0.47191011235955055,1.0
SVM_RBF,0.4725,1.0
SVM_RBF,0.47309136420525655,1.0
SVM_RBF,0.47368421052631576,1.0
SVM_RBF,0.4742785445420326,1.0
SVM_RBF,0.4748743718592965,1.0
SVM_RBF,0.47547169811320755,1.0
SVM_RBF,0.4760705289672544,1.0
SVM_RBF,0.4766708701134931,1.0
SVM_RBF,0.4772727272727273,1.0
SVM_RBF,0.4778761061946903,1.0
SVM_RBF,0.47848101265822784,1.0
SVM_RBF,0.4790874524714829,1.0
SVM_RBF,0.4796954314720812,1.0
SVM_RBF,0.48030495552731894,1.0
SVM_RBF,0.48091603053435117,1.0
SVM_RBF,0.48152866242038217,1.0
SVM_RBF,0.48214285714285715,1.0
SVM_RBF,0.4827586206896552,1.0
SVM_RBF,0.4833759590792839,1.0
SVM_RBF,0.4839948783610755,1.0
SVM_RBF,0.4846153846153846,1.0
SVM_RBF,0.4852374839537869,1.0
SVM_RBF,0.48586118251928023,1.0
SVM_RBF,0.4864864864864865,1.0
SVM_RBF,0.48711340206185566,1.0
SVM_RBF,0.48774193548387096,1.0
SVM_RBF,0.4883720930232558,1.0
SVM_RBF,0.4890038809831824,1.0
SVM_RBF,0.4896373056994819,1.0
SVM_RBF,0.490272373540856,1.0
SVM_RBF,0.4909090909090909,1.0
SVM_RBF,0.49154746423927176,1.0
SVM_RBF,0.4921875,1.0
SVM_RBF,0.49282920469361147,1.0
SVM_RBF,0.4934725848563969,1.0
SVM_RBF,0.49411764705882355,1.0
SVM_RBF,0.49476439790575916,1.0
SVM_RBF,0.4954128440366973,1.0
SVM_RBF,0.49606299212598426,1.0
SVM_RBF,0.4967148488830486,1.0
SVM_RBF,0.49736842105263157,1.0
SVM_RBF,0.4980237154150198,1.0
SVM_RBF,0.49868073878627966,1.0
SVM_RBF,0.49933949801849403,1.0
SVM_RBF,0.5,1.0
SVM_RBF,0.5006622516556292,1.0
SVM_RBF,0.5013262599469496,1.0
SVM_RBF,0.50199203187251,1.0
SVM_RBF,0.5026595744680851,1.0
SVM_RBF,0.5033288948069241,1.0
SVM_RBF,0.504,1.0
SVM_RBF,0.5046728971962616,1.0
SVM_RBF,0.5053475935828877,1.0
SVM_RBF,0.5060240963855421,1.0
SVM_RBF,0.5067024128686327,1.0
SVM_RBF,0.5073825503355704,1.0
SVM_RBF,0.5080645161290323,1.0
SVM_RBF,0.5087483176312247,1.0
SVM_RBF,0.5094339622641509,1.0
SVM_RBF,0.5101214574898786,1.0
SVM_RBF,0.5108108108108108,1.0
SVM_RBF,0.5115020297699594,1.0
SVM_RBF,0.5121951219512195,1.0
SVM_RBF,0.5128900949796472,1.0
SVM_RBF,0.5135869565217391,1.0
SVM_RBF,0.5142857142857142,1.0
SVM_RBF,0.5149863760217984,1.0
SVM_RBF,0.5156889495225102,1.0
SVM_RBF,0.5163934426229508,1.0
SVM_RBF,0.5170998632010944,1.0
SVM_RBF,0.5178082191780822,1.0
SVM_RBF,0.5185185185185185,1.0
SVM_RBF,0.5192307692307693,1.0
SVM_RBF,0.5199449793672627,1.0
SVM_RBF,0.5206611570247934,1.0
SVM_RBF,0.5213793103448275,1.0
SVM_RBF,0.5220994475138122,1.0
SVM_RBF,0.5228215767634855,1.0
SVM_RBF,0.5235457063711911,1.0
SVM_RBF,0.5242718446601942,1.0
SVM_RBF,0.525,1.0
SVM_RBF,0.5257301808066759,1.0
SVM_RBF,0.5264623955431755,1.0
SVM_RBF,0.5271966527196653,1.0
SVM_RBF,0.5279329608938548,1.0
SVM_RBF,0.5286713286713287,1.0
SVM_RBF,0.5294117647058824,1.0
SVM_RBF,0.5301542776998598,1.0
SVM_RBF,0.5308988764044944,1.0
SVM_RBF,0.5316455696202531,1.0
SVM_RBF,0.532394366197183,1.0
SVM_RBF,0.5331452750352609,1.0
SVM_RBF,0.5338983050847458,1.0
SVM_RBF,0.5346534653465347,1.0
SVM_RBF,0.5354107648725213,1.0
SVM_RBF,0.5361702127659574,1.0
SVM_RBF,0.5369318181818182,1.0
SVM_RBF,0.5376955903271693,1.0
SVM_RBF,0.5384615384615384,1.0
SVM_RBF,0.5392296718972895,1.0
SVM_RBF,0.54,1.0
SVM_RBF,0.5407725321888412,1.0
SVM_RBF,0.5415472779369628,1.0
SVM_RBF,0.5423242467718795,1.0
SVM_RBF,0.5431034482758621,1.0
SVM_RBF,0.543884892086331,1.0
SVM_RBF,0.5446685878962536,1.0
SVM_RBF,0.5454545454545454,1.0
SVM_RBF,0.546242774566474,1.0
SVM_RBF,0.5470332850940666,1.0
SVM_RBF,0.5478260869565217,1.0
SVM_RBF,0.548621190130624,1.0
SVM_RBF,0.5494186046511628,1.0
SVM_RBF,0.5502183406113537,1.0
SVM_RBF,0.5510204081632653,1.0
SVM_RBF,0.5518248175182482,1.0
SVM_RBF,0.5526315789473685,1.0
SVM_RBF,0.5534407027818448,1.0
SVM_RBF,0.5542521994134897,1.0
SVM_RBF,0.5550660792951542,1.0
SVM_RBF,0.5558823529411765,1.0
SVM_RBF,0.5567010309278351,1.0
SVM_RBF,0.5575221238938053,1.0
SVM_RBF,0.5583456425406204,1.0
SVM_RBF,0.5591715976331361,1.0
SVM_RBF,0.56,1.0
SVM_RBF,0.5608308605341247,1.0
SVM_RBF,0.5616641901931649,1.0
SVM_RBF,0.5625,1.0
SVM_RBF,0.563338301043219,1.0
SVM_RBF,0.564179104477612,1.0
SVM_RBF,0.5650224215246636,1.0
SVM_RBF,0.5658682634730539,1.0
SVM_RBF,0.5667166416791605,1.0
SVM_RBF,0.5675675675675675,1.0
SVM_RBF,0.5684210526315789,1.0
SVM_RBF,0.5692771084337349,1.0
SVM_RBF,0.5701357466063348,1.0
SVM_RBF,0.5709969788519638,1.0
SVM_RBF,0.5718608169440242,1.0
SVM_RBF,0.5727272727272728,1.0
SVM_RBF,0.5735963581183612,1.0
SVM_RBF,0.574468085106383,1.0
SVM_RBF,0.5753424657534246,1.0
SVM_RBF,0.5762195121951219,1.0
SVM_RBF,0.5770992366412214,1.0
SVM_RBF,0.5779816513761468,1.0
SVM_RBF,0.5788667687595712,1.0
SVM_RBF,0.5797546012269938,1.0
SVM_RBF,0.5806451612903226,1.0
SVM_RBF,0.5815384615384616,1.0
SVM_RBF,0.5824345146379045,1.0
SVM_RBF,0.5833333333333334,1.0
SVM_RBF,0.5842349304482226,1.0
SVM_RBF,0.5851393188854489,1.0
SVM_RBF,0.586046511627907,1.0
SVM_RBF,0.5869565217391305,1.0
SVM_RBF,0.5878693623639192,1.0
SVM_RBF,0.5887850467289719,1.0
SVM_RBF,0.5897035881435257,1.0
SVM_RBF,0.590625,1.0
SVM_RBF,0.5915492957746479,1.0
SVM_RBF,0.5924764890282131,1.0
SVM_RBF,0.5934065934065934,1.0
SVM_RBF,0.5943396226415094,1.0
SVM_RBF,0.5952755905511811,1.0
SVM_RBF,0.5962145110410094,1.0
SVM_RBF,0.5971563981042654,1.0
SVM_RBF,0.5981012658227848,1.0
SVM_RBF,0.5990491283676703,1.0
SVM_RBF,0.6,1.0
SVM_RBF,0.6009538950715422,1.0
SVM_RBF,0.6019108280254777,1.0
SVM_RBF,0.6028708133971292,1.0
SVM_RBF,0.6038338658146964,1.0
SVM_RBF,0.6048,1.0
SVM_RBF,0.6057692307692307,1.0
SVM_RBF,0.6067415730337079,1.0
SVM_RBF,0.6077170418006431,1.0
SVM_RBF,0.6086956521739131,1.0
SVM_RBF,0.6096774193548387,1.0
SVM_RBF,0.6106623586429726,1.0
SVM_RBF,0.6116504854368932,1.0
SVM_RBF,0.6126418152350082,1.0
SVM_RBF,0.6136363636363636,1.0
SVM_RBF,0.6146341463414634,1.0
SVM_RBF,0.6156351791530945,1.0
SVM_RBF,0.6166394779771615,1.0
SVM_RBF,0.6176470588235294,1.0
SVM_RBF,0.618657937806874,1.0
SVM_RBF,0.6196721311475409,1.0
SVM_RBF,0.6206896551724138,1.0
SVM_RBF,0.6217105263157895,1.0
SVM_RBF,0.6227347611202636,1.0
SVM_RBF,0.6237623762376238,1.0
SVM_RBF,0.6247933884297521,1.0
SVM_RBF,0.6258278145695364,1.0
SVM_RBF,0.6268656716417911,1.0
SVM_RBF,0.627906976744186,1.0
SVM_RBF,0.6289517470881864,1.0
SVM_RBF,0.63,1.0
SVM_RBF,0.6310517529215359,1.0
SVM_RBF,0.6321070234113713,1.0
SVM_RBF,0.6331658291457286,1.0
SVM_RBF,0.6342281879194631,1.0
SVM_RBF,0.6352941176470588,1.0
SVM_RBF,0.6363636363636364,1.0
SVM_RBF,0.6374367622259697,1.0
SVM_RBF,0.6385135135135135,1.0
SVM_RBF,0.6395939086294417,1.0
SVM_RBF,0.6406779661016949,1.0
SVM_RBF,0.6417657045840407,1.0
SVM_RBF,0.6428571428571429,1.0
SVM_RBF,0.6439522998296422,1.0
SVM_RBF,0.6450511945392492,1.0
SVM_RBF,0.6461538461538462,1.0
SVM_RBF,0.6472602739726028,1.0
SVM_RBF,0.6483704974271012,1.0
SVM_RBF,0.6494845360824743,1.0
SVM_RBF,0.6506024096385542,1.0
SVM_RBF,0.6517241379310345,1.0
SVM_RBF,0.6528497409326425,1.0
SVM_RBF,0.6539792387543253,1.0
SVM_RBF,0.6551126516464472,1.0
SVM_RBF,0.65625,1.0
SVM_RBF,0.6573913043478261,1.0
SVM_RBF,0.6585365853658537,1.0
SVM_RBF,0.6596858638743456,1.0
SVM_RBF,0.6608391608391608,1.0
SVM_RBF,0.6619964973730298,1.0
SVM_RBF,0.6631578947368421,1.0
SVM_RBF,0.664323374340949,1.0
SVM_RBF,0.6654929577464789,1.0
SVM_RBF,0.6666666666666666,1.0
SVM_RBF,0.6678445229681979,1.0
SVM_RBF,0.6690265486725664,1.0
SVM_RBF,0.6702127659574468,1.0
SVM_RBF,0.6714031971580817,1.0
SVM_RBF,0.6725978647686833,1.0
SVM_RBF,0.6737967914438503,1.0
SVM_RBF,0.675,1.0
SVM_RBF,0.6762075134168157,1.0
SVM_RBF,0.6774193548387096,1.0
SVM_RBF,0.6786355475763016,1.0
SVM_RBF,0.6798561151079137,1.0
SVM_RBF,0.6810810810810811,1.0
SVM_RBF,0.6823104693140795,1.0
SVM_RBF,0.6835443037974683,1.0
SVM_RBF,0.6847826086956522,1.0
SVM_RBF,0.6860254083484574,1.0
SVM_RBF,0.6872727272727273,1.0
SVM_RBF,0.6885245901639344,1.0
SVM_RBF,0.6897810218978102,1.0
SVM_RBF,0.6910420475319927,1.0
SVM_RBF,0.6923076923076923,1.0
SVM_RBF,0.6935779816513762,1.0
SVM_RBF,0.6948529411764706,1.0
SVM_RBF,0.6961325966850829,1.0
SVM_RBF,0.6974169741697417,1.0
SVM_RBF,0.6987060998151571,1.0
SVM_RBF,0.7,1.0
SVM_RBF,0.7012987012987013,1.0
SVM_RBF,0.7026022304832714,1.0
SVM_RBF,0.7039106145251397,1.0
SVM_RBF,0.7052238805970149,1.0
SVM_RBF,0.7065420560747664,1.0
SVM_RBF,0.7078651685393258,1.0
SVM_RBF,0.7091932457786116,1.0
SVM_RBF,0.7105263157894737,1.0
SVM_RBF,0.711864406779661,1.0
SVM_RBF,0.7132075471698113,1.0
SVM_RBF,0.7145557655954632,1.0
SVM_RBF,0.7159090909090909,1.0
SVM_RBF,0.7172675521821632,1.0
SVM_RBF,0.7186311787072244,1.0
SVM_RBF,0.72,1.0
SVM_RBF,0.7213740458015268,1.0
SVM_RBF,0.722753346080306,1.0
SVM_RBF,0.7241379310344828,1.0
SVM_RBF,0.72552783109405,1.0
SVM_RBF,0.7269230769230769,1.0
SVM_RBF,0.7283236994219653,1.0
SVM_RBF,0.7297297297297297,1.0
SVM_RBF,0.7311411992263056,1.0
SVM_RBF,0.7325581395348837,1.0
SVM_RBF,0.7339805825242719,1.0
SVM_RBF,0.7354085603112841,1.0
SVM_RBF,0.7368421052631579,1.0
SVM_RBF,0.73828125,1.0
SVM_RBF,0.7397260273972602,1.0
SVM_RBF,0.7411764705882353,1.0
SVM_RBF,0.7426326129666012,1.0
SVM_RBF,0.7440944881889764,1.0
SVM_RBF,0.7455621301775148,1.0
SVM_RBF,0.7470355731225297,1.0
SVM_RBF,0.7485148514851485,1.0
SVM_RBF,0.75,1.0
SVM_RBF,0.7514910536779325,1.0
SVM_RBF,0.7529880478087649,1.0
SVM_RBF,0.7544910179640718,1.0
SVM_RBF,0.756,1.0
SVM_RBF,0.7575150300601202,1.0
SVM_RBF,0.7590361445783133,1.0
SVM_RBF,0.7605633802816901,1.0
SVM_RBF,0.7620967741935484,1.0
SVM_RBF,0.7636363636363637,1.0
SVM_RBF,0.7651821862348178,1.0
SVM_RBF,0.7667342799188641,1.0
SVM_RBF,0.7682926829268293,1.0
SVM_RBF,0.769857433808554,1.0
SVM_RBF,0.7714285714285715,1.0
SVM_RBF,0.7730061349693251,1.0
SVM_RBF,0.7745901639344263,1.0
SVM_RBF,0.7761806981519507,1.0
SVM_RBF,0.7777777777777778,1.0
SVM_RBF,0.7793814432989691,1.0
SVM_RBF,0.78099173553719,1.0
SVM_RBF,0.782608695652174,1.0
SVM_RBF,0.7842323651452282,1.0
SVM_RBF,0.7858627858627859,1.0
SVM_RBF,0.7875,1.0
SVM_RBF,0.7891440501043842,1.0
SVM_RBF,0.7907949790794979,1.0
SVM_RBF,0.7924528301886793,1.0
SVM_RBF,0.7941176470588235,1.0
SVM_RBF,0.7957894736842105,1.0
SVM_RBF,0.7974683544303798,1.0
SVM_RBF,0.7991543340380549,1.0
SVM_RBF,0.8008474576271186,1.0
SVM_RBF,0.802547770700637,1.0
SVM_RBF,0.8042553191489362,1.0
SVM_RBF,0.8059701492537313,1.0
SVM_RBF,0.8076923076923077,1.0
SVM_RBF,0.8094218415417559,1.0
SVM_RBF,0.8111587982832618,1.0
SVM_RBF,0.8129032258064516,1.0
SVM_RBF,0.8146551724137931,1.0
SVM_RBF,0.816414686825054,1.0
SVM_RBF,0.8181818181818182,1.0
SVM_RBF,0.8199566160520607,1.0
SVM_RBF,0.8217391304347826,1.0
SVM_RBF,0.8235294117647058,1.0
SVM_RBF,0.8253275109170306,1.0
SVM_RBF,0.8271334792122538,1.0
SVM_RBF,0.8289473684210527,1.0
SVM_RBF,0.8307692307692308,1.0
SVM_RBF,0.8325991189427313,1.0
SVM_RBF,0.8344370860927153,1.0
SVM_RBF,0.8362831858407079,1.0
SVM_RBF,0.8381374722838137,1.0
SVM_RBF,0.84,1.0
SVM_RBF,0.8418708240534521,1.0
SVM_RBF,0.84375,1.0
SVM_RBF,0.8456375838926175,1.0
SVM_RBF,0.8475336322869955,1.0
SVM_RBF,0.849438202247191,1.0
SVM_RBF,0.8513513513513513,1.0
SVM_RBF,0.8532731376975169,1.0
SVM_RBF,0.8552036199095022,1.0
SVM_RBF,0.8571428571428571,1.0
SVM_RBF,0.8590909090909091,1.0
SVM_RBF,0.8610478359908884,1.0
SVM_RBF,0.863013698630137,1.0
SVM_RBF,0.8649885583524027,1.0
SVM_RBF,0.8669724770642202,1.0
SVM_RBF,0.8689655172413793,1.0
SVM_RBF,0.8709677419354839,1.0
SVM_RBF,0.8729792147806005,1.0
SVM_RBF,0.875,1.0
SVM_RBF,0.877030162412993,1.0
SVM_RBF,0.8790697674418605,1.0
SVM_RBF,0.8811188811188811,1.0
SVM_RBF,0.883177570093458,1.0
SVM_RBF,0.8852459016393442,1.0
SVM_RBF,0.8873239436619719,1.0
SVM_RBF,0.8894117647058823,1.0
SVM_RBF,0.8915094339622641,1.0
SVM_RBF,0.8936170212765957,1.0
SVM_RBF,0.8957345971563981,1.0
SVM_RBF,0.8978622327790974,1.0
SVM_RBF,0.9,1.0
SVM_RBF,0.9021479713603818,1.0
SVM_RBF,0.9043062200956937,1.0
SVM_RBF,0.9064748201438849,1.0
SVM_RBF,0.9086538461538461,1.0
SVM_RBF,0.9108433734939759,1.0
SVM_RBF,0.9130434782608695,1.0
SVM_RBF,0.9152542372881356,1.0
SVM_RBF,0.9174757281553398,1.0
SVM_RBF,0.9197080291970803,1.0
SVM_RBF,0.9219512195121952,1.0
SVM_RBF,0.9242053789731052,1.0
SVM_RBF,0.9264705882352942,1.0
SVM_RBF,0.9287469287469288,1.0
SVM_RBF,0.9310344827586207,1.0
SVM_RBF,0.9333333333333333,1.0
SVM_RBF,0.9356435643564357,1.0
SVM_RBF,0.9379652605459057,1.0
SVM_RBF,0.9402985074626866,1.0
SVM_RBF,0.942643391521197,1.0
SVM_RBF,0.945,1.0
SVM_RBF,0.9473684210526315,1.0
SVM_RBF,0.949748743718593,1.0
SVM_RBF,0.9521410579345088,1.0
SVM_RBF,0.9545454545454546,1.0
SVM_RBF,0.9569620253164557,1.0
SVM_RBF,0.9593908629441624,1.0
SVM_RBF,0.9592875318066157,0.9973544973544973
SVM_RBF,0.9617346938775511,0.9973544973544973
SVM_RBF,0.9641943734015346,0.9973544973544973
SVM_RBF,0.9666666666666667,0.9973544973544973
SVM_RBF,0.9665809768637532,0.9947089947089947
SVM_RBF,0.9690721649484536,0.9947089947089947
SVM_RBF,0.9715762273901809,0.9947089947089947
SVM_RBF,0.9740932642487047,0.9947089947089947
SVM_RBF,0.9766233766233766,0.9947089947089947
SVM_RBF,0.9791666666666666,0.9947089947089947
SVM_RBF,0.9817232375979112,0.9947089947089947
SVM_RBF,0.9842931937172775,0.9947089947089947
SVM_RBF,0.984251968503937,0.9920634920634921
SVM_RBF,0.9868421052631579,0.9920634920634921
SVM_RBF,0.9868073878627969,0.9894179894179894
SVM_RBF,0.9894179894179894,0.9894179894179894
SVM_RBF,0.9920424403183024,0.9894179894179894
SVM_RBF,0.9920212765957447,0.9867724867724867
SVM_RBF,0.992,0.9841269841269841
SVM_RBF,0.9919786096256684,0.9814814814814815
SVM_RBF,0.9919571045576407,0.9788359788359788
SVM_RBF,0.9919354838709677,0.9761904761904762
SVM_RBF,0.9919137466307277,0.9735449735449735
SVM_RBF,0.9945945945945946,0.9735449735449735
SVM_RBF,0.994579945799458,0.9708994708994709
SVM_RBF,0.9945652173913043,0.9682539682539683
SVM_RBF,0.9945504087193461,0.9656084656084656
SVM_RBF,0.994535519125683,0.9629629629629629
SVM_RBF,0.9945205479452055,0.9603174603174603
SVM_RBF,0.9945054945054945,0.9576719576719577
SVM_RBF,0.9944903581267218,0.955026455026455
SVM_RBF,0.994475138121547,0.9523809523809523
SVM_RBF,0.9944598337950139,0.9497354497354498
SVM_RBF,0.9944444444444445,0.9470899470899471
SVM_RBF,0.9944289693593314,0.9444444444444444
SVM_RBF,0.994413407821229,0.9417989417989417
SVM_RBF,0.9943977591036415,0.9391534391534392
SVM_RBF,0.9943820224719101,0.9365079365079365
SVM_RBF,0.9943661971830986,0.9338624338624338
SVM_RBF,0.9943502824858758,0.9312169312169312
SVM_RBF,0.9943342776203966,0.9285714285714286
SVM_RBF,0.9943181818181818,0.9259259259259259
SVM_RBF,0.9943019943019943,0.9232804232804233
SVM_RBF,0.9971428571428571,0.9232804232804233
SVM_RBF,0.997134670487106,0.9206349206349206
SVM_RBF,0.9971264367816092,0.917989417989418
SVM_RBF,0.9971181556195965,0.9153439153439153
SVM_RBF,0.9971098265895953,0.9126984126984127
SVM_RBF,0.9971014492753624,0.91005291005291
SVM_RBF,0.997093023255814,0.9074074074074074
SVM_RBF,0.9970845481049563,0.9047619047619048
SVM_RBF,0.9970760233918129,0.9021164021164021
SVM_RBF,0.9970674486803519,0.8994708994708994
SVM_RBF,0.9970588235294118,0.8968253968253969
SVM_RBF,0.9970501474926253,0.8941798941798942
SVM_RBF,0.9970414201183432,0.8915343915343915
SVM_RBF,0.9970326409495549,0.8888888888888888
SVM_RBF,0.9970238095238095,0.8862433862433863
SVM_RBF,0.9970149253731343,0.8835978835978836
SVM_RBF,0.9970059880239521,0.8809523809523809
SVM_RBF,0.996996996996997,0.8783068783068783
SVM_RBF,0.9969879518072289,0.8756613756613757
SVM_RBF,0.9969788519637462,0.873015873015873
SVM_RBF,0.996969696969697,0.8703703703703703
SVM_RBF,0.9969604863221885,0.8677248677248677
SVM_RBF,0.9969512195121951,0.8650793650793651
SVM_RBF,0.9969418960244648,0.8624338624338624
SVM_RBF,0.9969325153374233,0.8597883597883598
SVM_RBF,0.9969230769230769,0.8571428571428571
SVM_RBF,0.9969135802469136,0.8544973544973545
SVM_RBF,0.9969040247678018,0.8518518518518519
SVM_RBF,0.9968944099378882,0.8492063492063492
SVM_RBF,0.9968847352024922,0.8465608465608465
SVM_RBF,0.996875,0.843915343915344
SVM_RBF,0.9968652037617555,0.8412698412698413
SVM_RBF,0.9968553459119497,0.8386243386243386
SVM_RBF,0.9968454258675079,0.8359788359788359
SVM_RBF,0.9968354430379747,0.8333333333333334
SVM_RBF,0.9968253968253968,0.8306878306878307
SVM_RBF,0.9968152866242038,0.828042328042328
SVM_RBF,0.9968051118210862,0.8253968253968254
SVM_RBF,0.9967948717948718,0.8227513227513228
SVM_RBF,0.9967845659163987,0.8201058201058201
SVM_RBF,0.9967741935483871,0.8174603174603174
SVM_RBF,0.9967637540453075,0.8148148148148148
SVM_RBF,0.996742671009772,0.8095238095238095
SVM_RBF,0.9967320261437909,0.8068783068783069
SVM_RBF,0.9967213114754099,0.8042328042328042
SVM_RBF,0.9967105263157895,0.8015873015873016
SVM_RBF,0.9966996699669967,0.798941798941799
SVM_RBF,0.9966887417218543,0.7962962962962963
SVM_RBF,0.9966777408637874,0.7936507936507936
SVM_RBF,0.9966666666666667,0.791005291005291
SVM_RBF,0.9966555183946488,0.7883597883597884
SVM_RBF,1.0,0.7883597883597884
SVM_RBF,1.0,0.7857142857142857
SVM_RBF,1.0,0.783068783068783
SVM_RBF,1.0,0.7804232804232805
SVM_RBF,1.0,0.7777777777777778
SVM_RBF,1.0,0.7751322751322751
SVM_RBF,1.0,0.7724867724867724
SVM_RBF,1.0,0.7698412698412699
SVM_RBF,1.0,0.7671957671957672
SVM_RBF,1.0,0.7645502645502645
SVM_RBF,1.0,0.7619047619047619
SVM_RBF,1.0,0.7592592592592593
SVM_RBF,1.0,0.7566137566137566
SVM_RBF,1.0,0.753968253968254
SVM_RBF,1.0,0.7513227513227513
SVM_RBF,1.0,0.7486772486772487
SVM_RBF,1.0,0.746031746031746
SVM_RBF,1.0,0.7433862433862434
SVM_RBF,1.0,0.7407407407407407
SVM_RBF,1.0,0.7380952380952381
SVM_RBF,1.0,0.7354497354497355
SVM_RBF,1.0,0.7328042328042328
SVM_RBF,1.0,0.7301587301587301
SVM_RBF,1.0,0.7275132275132276
SVM_RBF,1.0,0.7248677248677249
SVM_RBF,1.0,0.7222222222222222
SVM_RBF,1.0,0.7195767195767195
SVM_RBF,1.0,0.716931216931217
SVM_RBF,1.0,0.7142857142857143
SVM_RBF,1.0,0.7116402116402116
SVM_RBF,1.0,0.708994708994709
SVM_RBF,1.0,0.7063492063492064
SVM_RBF,1.0,0.7037037037037037
SVM_RBF,1.0,0.701058201058201
SVM_RBF,1.0,0.6984126984126984
SVM_RBF,1.0,0.6957671957671958
SVM_RBF,1.0,0.6931216931216931
SVM_RBF,1.0,0.6904761904761905
SVM_RBF,1.0,0.6878306878306878
SVM_RBF,1.0,0.6851851851851852
SVM_RBF,1.0,0.6825396825396826
SVM_RBF,1.0,0.6798941798941799
SVM_RBF,1.0,0.6772486772486772
SVM_RBF,1.0,0.6746031746031746
SVM_RBF,1.0,0.671957671957672
SVM_RBF,1.0,0.6693121693121693
SVM_RBF,1.0,0.6666666666666666
SVM_RBF,1.0,0.6640211640211641
SVM_RBF,1.0,0.6613756613756614
SVM_RBF,1.0,0.6587301587301587
SVM_RBF,1.0,0.656084656084656
SVM_RBF,1.0,0.6534391534391535
SVM_RBF,1.0,0.6507936507936508
SVM_RBF,1.0,0.6428571428571429
SVM_RBF,1.0,0.6402116402116402
SVM_RBF,1.0,0.6375661375661376
SVM_RBF,1.0,0.6349206349206349
SVM_RBF,1.0,0.6322751322751323
SVM_RBF,1.0,0.6296296296296297
SVM_RBF,1.0,0.626984126984127
SVM_RBF,1.0,0.6243386243386243
SVM_RBF,1.0,0.6216931216931217
SVM_RBF,1.0,0.6190476190476191
SVM_RBF,1.0,0.6164021164021164
SVM_RBF,1.0,0.6137566137566137
SVM_RBF,1.0,0.6111111111111112
SVM_RBF,1.0,0.6084656084656085
SVM_RBF,1.0,0.6058201058201058
SVM_RBF,1.0,0.6031746031746031
SVM_RBF,1.0,0.6005291005291006
SVM_RBF,1.0,0.5978835978835979
SVM_RBF,1.0,0.5952380952380952
SVM_RBF,1.0,0.5925925925925926
SVM_RBF,1.0,0.58994708994709
SVM_RBF,1.0,0.5873015873015873
SVM_RBF,1.0,0.5846560846560847
SVM_RBF,1.0,0.582010582010582
SVM_RBF,1.0,0.5793650793650794
SVM_RBF,1.0,0.5767195767195767
SVM_RBF,1.0,0.5740740740740741
SVM_RBF,1.0,0.5714285714285714
SVM_RBF,1.0,0.5687830687830688
SVM_RBF,1.0,0.5661375661375662
SVM_RBF,1.0,0.5634920634920635
SVM_RBF,1.0,0.5608465608465608
SVM_RBF,1.0,0.5582010582010583
SVM_RBF,1.0,0.5555555555555556
SVM_RBF,1.0,0.5529100529100529
SVM_RBF,1.0,0.5502645502645502
SVM_RBF,1.0,0.5476190476190477
SVM_RBF,1.0,0.544973544973545
SVM_RBF,1.0,0.5423280423280423
SVM_RBF,1.0,0.5396825396825397
SVM_RBF,1.0,0.5370370370370371
SVM_RBF,1.0,0.5343915343915344
SVM_RBF,1.0,0.5317460317460317
SVM_RBF,1.0,0.5291005291005291
SVM_RBF,1.0,0.5264550264550265
SVM_RBF,1.0,0.5238095238095238
SVM_RBF,1.0,0.5211640211640212
SVM_RBF,1.0,0.5185185185185185
SVM_RBF,1.0,0.5158730158730159
SVM_RBF,1.0,0.5132275132275133
SVM_RBF,1.0,0.5105820105820106
SVM_RBF,1.0,0.5079365079365079
SVM_RBF,1.0,0.5052910052910053
SVM_RBF,1.0,0.5026455026455027
SVM_RBF,1.0,0.5
SVM_RBF,1.0,0.4973544973544973
SVM_RBF,1.0,0.4947089947089947
SVM_RBF,1.0,0.49206349206349204
SVM_RBF,1.0,0.4894179894179894
SVM_RBF,1.0,0.48677248677248675
SVM_RBF,1.0,0.48412698412698413
SVM_RBF,1.0,0.48148148148148145
SVM_RBF,1.0,0.47883597883597884
SVM_RBF,1.0,0.47619047619047616
SVM_RBF,1.0,0.47354497354497355
SVM_RBF,1.0,0.4708994708994709
SVM_RBF,1.0,0.46825396825396826
SVM_RBF,1.0,0.4656084656084656
SVM_RBF,1.0,0.46296296296296297
SVM_RBF,1.0,0.4603174603174603
SVM_RBF,1.0,0.4576719576719577
SVM_RBF,1.0,0.455026455026455
SVM_RBF,1.0,0.4523809523809524
SVM_RBF,1.0,0.4497354497354497
SVM_RBF,1.0,0.4470899470899471
SVM_RBF,1.0,0.4444444444444444
SVM_RBF,1.0,0.4417989417989418
SVM_RBF,1.0,0.43915343915343913
SVM_RBF,1.0,0.4365079365079365
SVM_RBF,1.0,0.43386243386243384
SVM_RBF,1.0,0.4312169312169312
SVM_RBF,1.0,0.42857142857142855
SVM_RBF,1.0,0.42592592592592593
SVM_RBF,1.0,0.42328042328042326
SVM_RBF,1.0,0.42063492063492064
SVM_RBF,1.0,0.41798941798941797
SVM_RBF,1.0,0.41534391534391535
SVM_RBF,1.0,0.4126984126984127
SVM_RBF,1.0,0.41005291005291006
SVM_RBF,1.0,0.4074074074074074
SVM_RBF,1.0,0.40476190476190477
SVM_RBF,1.0,0.4021164021164021
SVM_RBF,1.0,0.3994708994708995
SVM_RBF,1.0,0.3968253968253968
SVM_RBF,1.0,0.3941798941798942
SVM_RBF,1.0,0.3915343915343915
SVM_RBF,1.0,0.3888888888888889
SVM_RBF,1.0,0.3862433862433862
SVM_RBF,1.0,0.3835978835978836
SVM_RBF,1.0,0.38095238095238093
SVM_RBF,1.0,0.3783068783068783
SVM_RBF,1.0,0.37566137566137564
SVM_RBF,1.0,0.373015873015873
SVM_RBF,1.0,0.37037037037037035
SVM_RBF,1.0,0.36772486772486773
SVM_RBF,1.0,0.36507936507936506
SVM_RBF,1.0,0.36243386243386244
SVM_RBF,1.0,0.35978835978835977
SVM_RBF,1.0,0.35714285714285715
SVM_RBF,1.0,0.3544973544973545
SVM_RBF,1.0,0.35185185185185186
SVM_RBF,1.0,0.3492063492063492
SVM_RBF,1.0,0.34656084656084657
SVM_RBF,1.0,0.3439153439153439
SVM_RBF,1.0,0.3412698412698413
SVM_RBF,1.0,0.3386243386243386
SVM_RBF,1.0,0.335978835978836
SVM_RBF,1.0,0.3333333333333333
SVM_RBF,1.0,0.3306878306878307
SVM_RBF,1.0,0.328042328042328
SVM_RBF,1.0,0.3253968253968254
SVM_RBF,1.0,0.32275132275132273
SVM_RBF,1.0,0.3201058201058201
SVM_RBF,1.0,0.31746031746031744
SVM_RBF,1.0,0.3148148148148148
SVM_RBF,1.0,0.31216931216931215
SVM_RBF,1.0,0.30952380952380953
SVM_RBF,1.0,0.30687830687830686
SVM_RBF,1.0,0.30423280423280424
SVM_RBF,1.0,0.30158730158730157
SVM_RBF,1.0,0.29894179894179895
SVM_RBF,1.0,0.2962962962962963
SVM_RBF,1.0,0.29365079365079366
SVM_RBF,1.0,0.291005291005291
SVM_RBF,1.0,0.28835978835978837
SVM_RBF,1.0,0.2857142857142857
SVM_RBF,1.0,0.2830687830687831
SVM_RBF,1.0,0.2804232804232804
SVM_RBF,1.0,0.2777777777777778
SVM_RBF,1.0,0.2751322751322751
SVM_RBF,1.0,0.2724867724867725
SVM_RBF,1.0,0.2698412698412698
SVM_RBF,1.0,0.2671957671957672
SVM_RBF,1.0,0.26455026455026454
SVM_RBF,1.0,0.2619047619047619
SVM_RBF,1.0,0.25925925925925924
SVM_RBF,1.0,0.2566137566137566
SVM_RBF,1.0,0.25396825396825395
SVM_RBF,1.0,0.25132275132275134
SVM_RBF,1.0,0.24867724867724866
SVM_RBF,1.0,0.24603174603174602
SVM_RBF,1.0,0.24338624338624337
SVM_RBF,1.0,0.24074074074074073
SVM_RBF,1.0,0.23809523809523808
SVM_RBF,1.0,0.23544973544973544
SVM_RBF,1.0,0.2328042328042328
SVM_RBF,1.0,0.23015873015873015
SVM_RBF,1.0,0.2275132275132275
SVM_RBF,1.0,0.22486772486772486
SVM_RBF,1.0,0.2222222222222222
SVM_RBF,1.0,0.21957671957671956
SVM_RBF,1.0,0.21693121693121692
SVM_RBF,1.0,0.21428571428571427
SVM_RBF,1.0,0.21164021164021163
SVM_RBF,1.0,0.20899470899470898
SVM_RBF,1.0,0.20634920634920634
SVM_RBF,1.0,0.2037037037037037
SVM_RBF,1.0,0.20105820105820105
SVM_RBF,1.0,0.1984126984126984
SVM_RBF,1.0,0.19576719576719576
SVM_RBF,1.0,0.1931216931216931
SVM_RBF,1.0,0.19047619047619047
SVM_RBF,1.0,0.18783068783068782
SVM_RBF,1.0,0.18518518518518517
SVM_RBF,1.0,0.18253968253968253
SVM_RBF,1.0,0.17989417989417988
SVM_RBF,1.0,0.17724867724867724
SVM_RBF,1.0,0.1746031746031746
SVM_RBF,1.0,0.17195767195767195
SVM_RBF,1.0,0.1693121693121693
SVM_RBF,1.0,0.16666666666666666
SVM_RBF,1.0,0.164021164021164
SVM_RBF,1.0,0.16137566137566137
SVM_RBF,1.0,0.15873015873015872
SVM_RBF,1.0,0.15608465608465608
SVM_RBF,1.0,0.15343915343915343
SVM_RBF,1.0,0.15079365079365079
SVM_RBF,1.0,0.14814814814814814
SVM_RBF,1.0,0.1455026455026455
SVM_RBF,1.0,0.14285714285714285
SVM_RBF,1.0,0.1402116402116402
SVM_RBF,1.0,0.13756613756613756
SVM_RBF,1.0,0.1349206349206349
SVM_RBF,1.0,0.13227513227513227
SVM_RBF,1.0,0.12962962962962962
SVM_RBF,1.0,0.12698412698412698
SVM_RBF,1.0,0.12433862433862433
SVM_RBF,1.0,0.12169312169312169
SVM_RBF,1.0,0.11904761904761904
SVM_RBF,1.0,0.1164021164021164
SVM_RBF,1.0,0.11375661375661375
SVM_RBF,1.0,0.1111111111111111
SVM_RBF,1.0,0.10846560846560846
SVM_RBF,1.0,0.10582010582010581
SVM_RBF,1.0,0.10317460317460317
SVM_RBF,1.0,0.10052910052910052
SVM_RBF,1.0,0.09788359788359788
SVM_RBF,1.0,0.09523809523809523
SVM_RBF,1.0,0.09259259259259259
SVM_RBF,1.0,0.08994708994708994
SVM_RBF,1.0,0.0873015873015873
SVM_RBF,1.0,0.08465608465608465
SVM_RBF,1.0,0.082010582010582
SVM_RBF,1.0,0.07936507936507936
SVM_RBF,1.0,0.07671957671957672
SVM_RBF,1.0,0.07407407407407407
SVM_RBF,1.0,0.07142857142857142
SVM_RBF,1.0,0.06878306878306878
SVM_RBF,1.0,0.06613756613756613
SVM_RBF,1.0,0.06349206349206349
SVM_RBF,1.0,0.06084656084656084
SVM_RBF,1.0,0.0582010582010582
SVM_RBF,1.0,0.05555555555555555
SVM_RBF,1.0,0.05291005291005291
SVM_RBF,1.0,0.05026455026455026
SVM_RBF,1.0,0.047619047619047616
SVM_RBF,1.0,0.04497354497354497
SVM_RBF,1.0,0.042328042328042326
SVM_RBF,1.0,0.03968253968253968
SVM_RBF,1.0,0.037037037037037035
SVM_RBF,1.0,0.03439153439153439
SVM_RBF,1.0,0.031746031746031744
SVM_RBF,1.0,0.0291005291005291
SVM_RBF,1.0,0.026455026455026454
SVM_RBF,1.0,0.023809523809523808
SVM_RBF,1.0,0.021164021164021163
SVM_RBF,1.0,0.018518518518518517
SVM_RBF,1.0,0.015873015873015872
SVM_RBF,1.0,0.013227513227513227
SVM_RBF,1.0,0.010582010582010581
SVM_RBF,1.0,0.007936507936507936
SVM_RBF,1.0,0.005291005291005291
SVM_RBF,1.0,0.0026455026455026454
SVM_RBF,1.0,0.0
XGBoost,0.3129139072847682,1.0
XGBoost,0.3131731565865783,1.0
XGBoost,0.31343283582089554,1.0
XGBoost,0.3136929460580913,1.0
XGBoost,0.313953488372093,1.0
XGBoost,0.314214463840399,1.0
XGBoost,0.3144758735440932,1.0
XGBoost,0.3147377185678601,1.0
XGBoost,0.315,1.0
XGBoost,0.31526271893244373,1.0
XGBoost,0.31552587646076796,1.0
XGBoost,0.3157894736842105,1.0
XGBoost,0.31605351170568563,1.0
XGBoost,0.3163179916317992,1.0
XGBoost,0.3165829145728643,1.0
XGBoost,0.316848281642917,1.0
XGBoost,0.31711409395973156,1.0
XGBoost,0.31738035264483627,1.0
XGBoost,0.3176470588235294,1.0
XGBoost,0.31791421362489486,1.0
XGBoost,0.3181818181818182,1.0
XGBoost,0.3184498736310025,1.0
XGBoost,0.31871838111298484,1.0
XGBoost,0.3189873417721519,1.0
XGBoost,0.31925675675675674,1.0
XGBoost,0.31952662721893493,1.0
XGBoost,0.3197969543147208,1.0
XGBoost,0.32006773920406434,1.0
XGBoost,0.32033898305084746,1.0
XGBoost,0.32061068702290074,1.0
XGBoost,0.32088285229202035,1.0
XGBoost,0.3211554800339847,1.0
XGBoost,0.32142857142857145,1.0
XGBoost,0.32170212765957445,1.0
XGBoost,0.3219761499148211,1.0
XGBoost,0.32225063938618925,1.0
XGBoost,0.3225255972696246,1.0
XGBoost,0.322801024765158,1.0
XGBoost,0.3230769230769231,1.0
XGBoost,0.32335329341317365,1.0
XGBoost,0.3236301369863014,1.0
XGBoost,0.32390745501285345,1.0
XGBoost,0.3241852487135506,1.0
XGBoost,0.3244635193133047,1.0
XGBoost,0.3247422680412371,1.0
XGBoost,0.3250214961306965,1.0
XGBoost,0.3253012048192771,1.0
XGBoost,0.32558139534883723,1.0
XGBoost,0.3258620689655172,1.0
XGBoost,0.3261432269197584,1.0
XGBoost,0.32642487046632124,1.0
XGBoost,0.3267070008643042,1.0
XGBoost,0.32698961937716264,1.0
XGBoost,0.32727272727272727,1.0
XGBoost,0.3275563258232236,1.0
XGBoost,0.32784041630529054,1.0
XGBoost,0.328125,1.0
XGBoost,0.32841007819287577,1.0
XGBoost,0.32869565217391306,1.0
XGBoost,0.3289817232375979,1.0
XGBoost,0.32926829268292684,1.0
XGBoost,0.3295553618134263,1.0
XGBoost,0.3298429319371728,1.0
XGBoost,0.33013100436681225,1.0
XGBoost,0.3304195804195804,1.0
XGBoost,0.33070866141732286,1.0
XGBoost,0.3309982486865149,1.0
XGBoost,0.3312883435582822,1.0
XGBoost,0.33157894736842103,1.0
XGBoost,0.33187006145741876,1.0
XGBoost,0.3321616871704745,1.0
XGBoost,0.3324538258575198,1.0
XGBoost,0.33303964757709253,1.0
XGBoost,0.3333333333333333,1.0
XGBoost,0.33362753751103263,1.0
XGBoost,0.3339222614840989,1.0
XGBoost,0.33421750663129973,1.0
XGBoost,0.3345132743362832,1.0
XGBoost,0.33480956598759964,1.0
XGBoost,0.3351063829787234,1.0
XGBoost,0.33540372670807456,1.0
XGBoost,0.33570159857904086,1.0
XGBoost,0.336,1.0
XGBoost,0.33629893238434166,1.0
XGBoost,0.3375,1.0
XGBoost,0.3378016085790885,1.0
XGBoost,0.33810375670840787,1.0
XGBoost,0.3384064458370636,1.0
XGBoost,0.3387096774193548,1.0
XGBoost,0.33901345291479823,1.0
XGBoost,0.3393177737881508,1.0
XGBoost,0.33962264150943394,1.0
XGBoost,0.33992805755395683,1.0
XGBoost,0.3402340234023402,1.0
XGBoost,0.3408476104598738,1.0
XGBoost,0.34115523465703973,1.0
XGBoost,0.34146341463414637,1.0
XGBoost,0.34177215189873417,1.0
XGBoost,0.3420814479638009,1.0
XGBoost,0.3423913043478261,1.0
XGBoost,0.34270172257479603,1.0
XGBoost,0.3430127041742287,1.0
XGBoost,0.34332425068119893,1.0
XGBoost,0.34363636363636363,1.0
XGBoost,0.34394904458598724,1.0
XGBoost,0.3442622950819672,1.0
XGBoost,0.3445761166818596,1.0
XGBoost,0.3448905109489051,1.0
XGBoost,0.3452054794520548,1.0
XGBoost,0.34552102376599636,1.0
XGBoost,0.3458371454711802,1.0
XGBoost,0.34615384615384615,1.0
XGBoost,0.3464711274060495,1.0
XGBoost,0.3467889908256881,1.0
XGBoost,0.34710743801652894,1.0
XGBoost,0.3474264705882353,1.0
XGBoost,0.34806629834254144,1.0
XGBoost,0.34838709677419355,1.0
XGBoost,0.34870848708487084,1.0
XGBoost,0.3490304709141274,1.0
XGBoost,0.34935304990757854,1.0
XGBoost,0.34967622571692875,1.0
XGBoost,0.35,1.0
XGBoost,0.35032437442076,1.0
XGBoost,0.35064935064935066,1.0
XGBoost,0.35097493036211697,1.0
XGBoost,0.3513011152416357,1.0
XGBoost,0.3516279069767442,1.0
XGBoost,0.35195530726256985,1.0
XGBoost,0.35228331780055916,1.0
XGBoost,0.35261194029850745,1.0
XGBoost,0.35694050991501414,1.0
XGBoost,0.3572778827977316,1.0
XGBoost,0.3576158940397351,1.0
XGBoost,0.35795454545454547,1.0
XGBoost,0.3582938388625592,1.0
XGBoost,0.3586337760910816,1.0
XGBoost,0.358974358974359,1.0
XGBoost,0.3593155893536122,1.0
XGBoost,0.35965746907706947,1.0
XGBoost,0.36,1.0
XGBoost,0.3603431839847474,1.0
XGBoost,0.3620689655172414,1.0
XGBoost,0.3624161073825503,1.0
XGBoost,0.362763915547025,1.0
XGBoost,0.3631123919308357,1.0
XGBoost,0.36346153846153845,1.0
XGBoost,0.3638113570741097,1.0
XGBoost,0.36416184971098264,1.0
XGBoost,0.36451301832208294,1.0
XGBoost,0.36486486486486486,1.0
XGBoost,0.3652173913043478,1.0
XGBoost,0.3655705996131528,1.0
XGBoost,0.3659244917715392,1.0
XGBoost,0.36627906976744184,1.0
XGBoost,0.36663433559650827,1.0
XGBoost,0.36699029126213595,1.0
XGBoost,0.3673469387755102,1.0
XGBoost,0.36770428015564205,1.0
XGBoost,0.36806231742940604,1.0
XGBoost,0.3684210526315789,1.0
XGBoost,0.369140625,1.0
XGBoost,0.36950146627565983,1.0
XGBoost,0.3698630136986301,1.0
XGBoost,0.3702252693437806,1.0
XGBoost,0.37058823529411766,1.0
XGBoost,0.37095191364082436,1.0
XGBoost,0.3713163064833006,1.0
XGBoost,0.37168141592920356,1.0
XGBoost,0.3720472440944882,1.0
XGBoost,0.3724137931034483,1.0
XGBoost,0.3727810650887574,1.0
XGBoost,0.37314906219151034,1.0
XGBoost,0.37351778656126483,1.0
XGBoost,0.37425742574257426,1.0
XGBoost,0.37462834489593655,1.0
XGBoost,0.375,1.0
XGBoost,0.37686939182452645,1.0
XGBoost,0.3772455089820359,1.0
XGBoost,0.3776223776223776,1.0
XGBoost,0.378,1.0
XGBoost,0.3783783783783784,1.0
XGBoost,0.3787575150300601,1.0
XGBoost,0.3791374122367101,1.0
XGBoost,0.3795180722891566,1.0
XGBoost,0.3798994974874372,1.0
XGBoost,0.38028169014084506,1.0
XGBoost,0.3806646525679758,1.0
XGBoost,0.3810483870967742,1.0
XGBoost,0.38143289606458125,1.0
XGBoost,0.38181818181818183,1.0
XGBoost,0.3822042467138524,1.0
XGBoost,0.3825910931174089,1.0
XGBoost,0.3829787234042553,1.0
XGBoost,0.38336713995943206,1.0
XGBoost,0.383756345177665,1.0
XGBoost,0.38414634146341464,1.0
XGBoost,0.38453713123092575,1.0
XGBoost,0.384928716904277,1.0
XGBoost,0.3853211009174312,1.0
XGBoost,0.38571428571428573,1.0
XGBoost,0.3861082737487232,1.0
XGBoost,0.38650306748466257,1.0
XGBoost,0.38689866939611056,1.0
XGBoost,0.38729508196721313,1.0
XGBoost,0.38769230769230767,1.0
XGBoost,0.38809034907597534,1.0
XGBoost,0.38848920863309355,1.0
XGBoost,0.3888888888888889,1.0
XGBoost,0.38928939237899074,1.0
XGBoost,0.38969072164948454,1.0
XGBoost,0.39009287925696595,1.0
XGBoost,0.390495867768595,1.0
XGBoost,0.390899689762151,1.0
XGBoost,0.3917098445595855,1.0
XGBoost,0.3921161825726141,1.0
XGBoost,0.3925233644859813,1.0
XGBoost,0.39293139293139295,1.0
XGBoost,0.39334027055150883,1.0
XGBoost,0.39375,1.0
XGBoost,0.39416058394160586,1.0
XGBoost,0.3945720250521921,1.0
XGBoost,0.3949843260188088,1.0
XGBoost,0.39539748953974896,1.0
XGBoost,0.3958115183246073,1.0
XGBoost,0.39622641509433965,1.0
XGBoost,0.39664218258132217,1.0
XGBoost,0.39705882352941174,1.0
XGBoost,0.39747634069400634,1.0
XGBoost,0.39789473684210525,1.0
XGBoost,0.39831401475237094,1.0
XGBoost,0.3987341772151899,1.0
XGBoost,0.3991552270327349,1.0
XGBoost,0.39957716701902746,1.0
XGBoost,0.4,1.0
XGBoost,0.4004237288135593,1.0
XGBoost,0.40084835630965004,1.0
XGBoost,0.4012738853503185,1.0
XGBoost,0.40170031880977686,1.0
XGBoost,0.4021276595744681,1.0
XGBoost,0.402555910543131,1.0
XGBoost,0.40298507462686567,1.0
XGBoost,0.4034151547491996,1.0
XGBoost,0.40384615384615385,1.0
XGBoost,0.4042780748663102,1.0
XGBoost,0.40471092077087795,1.0
XGBoost,0.40514469453376206,1.0
XGBoost,0.4055793991416309,1.0
XGBoost,0.40601503759398494,1.0
XGBoost,0.4064516129032258,1.0
XGBoost,0.4068891280947255,1.0
XGBoost,0.4090909090909091,1.0
XGBoost,0.409534127843987,1.0
XGBoost,0.40997830802603036,1.0
XGBoost,0.41042345276872966,1.0
XGBoost,0.4108695652173913,1.0
XGBoost,0.41131664853101196,1.0
XGBoost,0.4117647058823529,1.0
XGBoost,0.4122137404580153,1.0
XGBoost,0.4126637554585153,1.0
XGBoost,0.4131147540983607,1.0
XGBoost,0.4135667396061269,1.0
XGBoost,0.4140197152245345,1.0
XGBoost,0.4144736842105263,1.0
XGBoost,0.4149286498353458,1.0
XGBoost,0.4153846153846154,1.0
XGBoost,0.4158415841584158,1.0
XGBoost,0.41629955947136565,1.0
XGBoost,0.41675854465270123,1.0
XGBoost,0.41721854304635764,1.0
XGBoost,0.4176795580110497,1.0
XGBoost,0.41814159292035397,1.0
XGBoost,0.4190687361419069,1.0
XGBoost,0.4195338512763596,1.0
XGBoost,0.42,1.0
XGBoost,0.42046718576195774,1.0
XGBoost,0.4209354120267261,1.0
XGBoost,0.4214046822742475,1.0
XGBoost,0.421875,1.0
XGBoost,0.4223463687150838,1.0
XGBoost,0.4228187919463087,1.0
XGBoost,0.4232922732362822,1.0
XGBoost,0.42376681614349776,1.0
XGBoost,0.42424242424242425,1.0
XGBoost,0.4247191011235955,1.0
XGBoost,0.4251968503937008,1.0
XGBoost,0.42567567567567566,1.0
XGBoost,0.42615558060879366,1.0
XGBoost,0.42663656884875845,1.0
XGBoost,0.4271186440677966,1.0
XGBoost,0.4276018099547511,1.0
XGBoost,0.42808607021517553,1.0
XGBoost,0.42857142857142855,1.0
XGBoost,0.42905788876276957,1.0
XGBoost,0.42954545454545456,1.0
XGBoost,0.4300341296928328,1.0
XGBoost,0.4305239179954442,1.0
XGBoost,0.43101482326111745,1.0
XGBoost,0.4315068493150685,1.0
XGBoost,0.432,1.0
XGBoost,0.43249427917620137,1.0
XGBoost,0.4329896907216495,1.0
XGBoost,0.4334862385321101,1.0
XGBoost,0.43398392652123996,1.0
XGBoost,0.43448275862068964,1.0
XGBoost,0.43498273878020716,1.0
XGBoost,0.43548387096774194,1.0
XGBoost,0.4359861591695502,1.0
XGBoost,0.43648960739030024,1.0
XGBoost,0.4369942196531792,1.0
XGBoost,0.4375,1.0
XGBoost,0.4380069524913094,1.0
XGBoost,0.4385150812064965,1.0
XGBoost,0.43902439024390244,1.0
XGBoost,0.43953488372093025,1.0
XGBoost,0.440046565774156,1.0
XGBoost,0.4405594405594406,1.0
XGBoost,0.441073512252042,1.0
XGBoost,0.441588785046729,1.0
XGBoost,0.4421052631578947,1.0
XGBoost,0.4426229508196721,1.0
XGBoost,0.44314185228604924,1.0
XGBoost,0.44366197183098594,1.0
XGBoost,0.44418331374853115,1.0
XGBoost,0.4447058823529412,1.0
XGBoost,0.4452296819787986,1.0
XGBoost,0.44575471698113206,1.0
XGBoost,0.4462809917355372,1.0
XGBoost,0.44680851063829785,1.0
XGBoost,0.44733727810650886,1.0
XGBoost,0.44786729857819907,1.0
XGBoost,0.4483985765124555,1.0
XGBoost,0.4489311163895487,1.0
XGBoost,0.44946492271105826,1.0
XGBoost,0.45,1.0
XGBoost,0.4505363528009535,1.0
XGBoost,0.4510739856801909,1.0
XGBoost,0.45161290322580644,1.0
XGBoost,0.45215311004784686,1.0
XGBoost,0.45269461077844314,1.0
XGBoost,0.45323741007194246,1.0
XGBoost,0.453781512605042,1.0
XGBoost,0.4543269230769231,1.0
XGBoost,0.4548736462093863,1.0
XGBoost,0.45542168674698796,1.0
XGBoost,0.4559710494571773,1.0
XGBoost,0.45652173913043476,1.0
XGBoost,0.4570737605804111,1.0
XGBoost,0.4576271186440678,1.0
XGBoost,0.4581818181818182,1.0
XGBoost,0.4587378640776699,1.0
XGBoost,0.45929526123936815,1.0
XGBoost,0.45985401459854014,1.0
XGBoost,0.46041412911084045,1.0
XGBoost,0.4609756097560976,1.0
XGBoost,0.46153846153846156,1.0
XGBoost,0.4621026894865526,1.0
XGBoost,0.46266829865361075,1.0
XGBoost,0.4632352941176471,1.0
XGBoost,0.4638036809815951,1.0
XGBoost,0.4643734643734644,1.0
XGBoost,0.46494464944649444,1.0
XGBoost,0.46551724137931033,1.0
XGBoost,0.46609124537607893,1.0
XGBoost,0.4666666666666667,1.0
XGBoost,0.4672435105067985,1.0
XGBoost,0.46782178217821785,1.0
XGBoost,0.4684014869888476,1.0
XGBoost,0.46898263027295284,1.0
XGBoost,0.46956521739130436,1.0
XGBoost,0.4701492537313433,1.0
XGBoost,0.47073474470734744,1.0
XGBoost,0.4713216957605985,1.0
XGBoost,0.47191011235955055,1.0
XGBoost,0.4725,1.0
XGBoost,0.47309136420525655,1.0
XGBoost,0.47368421052631576,1.0
XGBoost,0.4742785445420326,1.0
XGBoost,0.4748743718592965,1.0
XGBoost,0.47547169811320755,1.0
XGBoost,0.4760705289672544,1.0
XGBoost,0.4766708701134931,1.0
XGBoost,0.4772727272727273,1.0
XGBoost,0.4778761061946903,1.0
XGBoost,0.47848101265822784,1.0
XGBoost,0.4790874524714829,1.0
XGBoost,0.4796954314720812,1.0
XGBoost,0.48030495552731894,1.0
XGBoost,0.48091603053435117,1.0
XGBoost,0.48152866242038217,1.0
XGBoost,0.48214285714285715,1.0
XGBoost,0.4827586206896552,1.0
XGBoost,0.4833759590792839,1.0
XGBoost,0.4839948783610755,1.0
XGBoost,0.4846153846153846,1.0
XGBoost,0.4852374839537869,1.0
XGBoost,0.48586118251928023,1.0
XGBoost,0.4864864864864865,1.0
XGBoost,0.48711340206185566,1.0
XGBoost,0.48774193548387096,1.0
XGBoost,0.4883720930232558,1.0
XGBoost,0.4890038809831824,1.0
XGBoost,0.4896373056994819,1.0
XGBoost,0.490272373540856,1.0
XGBoost,0.4909090909090909,1.0
XGBoost,0.49154746423927176,1.0
XGBoost,0.4921875,1.0
XGBoost,0.49282920469361147,1.0
XGBoost,0.4934725848563969,1.0
XGBoost,0.49411764705882355,1.0
XGBoost,0.49476439790575916,1.0
XGBoost,0.4954128440366973,1.0
XGBoost,0.49606299212598426,1.0
XGBoost,0.4967148488830486,1.0
XGBoost,0.49736842105263157,1.0
XGBoost,0.4980237154150198,1.0
XGBoost,0.49868073878627966,1.0
XGBoost,0.49933949801849403,1.0
XGBoost,0.5,1.0
XGBoost,0.5006622516556292,1.0
XGBoost,0.5013262599469496,1.0
XGBoost,0.50199203187251,1.0
XGBoost,0.5026595744680851,1.0
XGBoost,0.5033288948069241,1.0
XGBoost,0.504,1.0
XGBoost,0.5046728971962616,1.0
XGBoost,0.5053475935828877,1.0
XGBoost,0.5060240963855421,1.0
XGBoost,0.5067024128686327,1.0
XGBoost,0.5073825503355704,1.0
XGBoost,0.5080645161290323,1.0
XGBoost,0.5087483176312247,1.0
XGBoost,0.5094339622641509,1.0
XGBoost,0.5101214574898786,1.0
XGBoost,0.5108108108108108,1.0
XGBoost,0.5115020297699594,1.0
XGBoost,0.5121951219512195,1.0
XGBoost,0.5128900949796472,1.0
XGBoost,0.5135869565217391,1.0
XGBoost,0.5142857142857142,1.0
XGBoost,0.5149863760217984,1.0
XGBoost,0.5156889495225102,1.0
XGBoost,0.5163934426229508,1.0
XGBoost,0.5170998632010944,1.0
XGBoost,0.5178082191780822,1.0
XGBoost,0.5185185185185185,1.0
XGBoost,0.5192307692307693,1.0
XGBoost,0.5199449793672627,1.0
XGBoost,0.5206611570247934,1.0
XGBoost,0.5213793103448275,1.0
XGBoost,0.5220994475138122,1.0
XGBoost,0.5228215767634855,1.0
XGBoost,0.5235457063711911,1.0
XGBoost,0.5242718446601942,1.0
XGBoost,0.525,1.0
XGBoost,0.5257301808066759,1.0
XGBoost,0.5264623955431755,1.0
XGBoost,0.5271966527196653,1.0
XGBoost,0.5279329608938548,1.0
XGBoost,0.5286713286713287,1.0
XGBoost,0.5294117647058824,1.0
XGBoost,0.5301542776998598,1.0
XGBoost,0.5308988764044944,1.0
XGBoost,0.5316455696202531,1.0
XGBoost,0.532394366197183,1.0
XGBoost,0.5331452750352609,1.0
XGBoost,0.5338983050847458,1.0
XGBoost,0.5346534653465347,1.0
XGBoost,0.5354107648725213,1.0
XGBoost,0.5361702127659574,1.0
XGBoost,0.5369318181818182,1.0
XGBoost,0.5376955903271693,1.0
XGBoost,0.5384615384615384,1.0
XGBoost,0.5392296718972895,1.0
XGBoost,0.54,1.0
XGBoost,0.5407725321888412,1.0
XGBoost,0.5415472779369628,1.0
XGBoost,0.5423242467718795,1.0
XGBoost,0.5431034482758621,1.0
XGBoost,0.543884892086331,1.0
XGBoost,0.5446685878962536,1.0
XGBoost,0.5454545454545454,1.0
XGBoost,0.546242774566474,1.0
XGBoost,0.5470332850940666,1.0
XGBoost,0.5478260869565217,1.0
XGBoost,0.548621190130624,1.0
XGBoost,0.5494186046511628,1.0
XGBoost,0.5502183406113537,1.0
XGBoost,0.5510204081632653,1.0
XGBoost,0.5518248175182482,1.0
XGBoost,0.5526315789473685,1.0
XGBoost,0.5534407027818448,1.0
XGBoost,0.5542521994134897,1.0
XGBoost,0.5550660792951542,1.0
XGBoost,0.5558823529411765,1.0
XGBoost,0.5567010309278351,1.0
XGBoost,0.5575221238938053,1.0
XGBoost,0.5583456425406204,1.0
XGBoost,0.5591715976331361,1.0
XGBoost,0.56,1.0
XGBoost,0.5608308605341247,1.0
XGBoost,0.5616641901931649,1.0
XGBoost,0.5625,1.0
XGBoost,0.563338301043219,1.0
XGBoost,0.564179104477612,1.0
XGBoost,0.5650224215246636,1.0
XGBoost,0.5658682634730539,1.0
XGBoost,0.5667166416791605,1.0
XGBoost,0.5675675675675675,1.0
XGBoost,0.5684210526315789,1.0
XGBoost,0.5692771084337349,1.0
XGBoost,0.5701357466063348,1.0
XGBoost,0.5709969788519638,1.0
XGBoost,0.5718608169440242,1.0
XGBoost,0.5727272727272728,1.0
XGBoost,0.5735963581183612,1.0
XGBoost,0.574468085106383,1.0
XGBoost,0.5753424657534246,1.0
XGBoost,0.5762195121951219,1.0
XGBoost,0.5770992366412214,1.0
XGBoost,0.5779816513761468,1.0
XGBoost,0.5788667687595712,1.0
XGBoost,0.5797546012269938,1.0
XGBoost,0.5806451612903226,1.0
XGBoost,0.5815384615384616,1.0
XGBoost,0.5824345146379045,1.0
XGBoost,0.5833333333333334,1.0
XGBoost,0.5842349304482226,1.0
XGBoost,0.5851393188854489,1.0
XGBoost,0.586046511627907,1.0
XGBoost,0.5869565217391305,1.0
XGBoost,0.5878693623639192,1.0
XGBoost,0.5887850467289719,1.0
XGBoost,0.5897035881435257,1.0
XGBoost,0.590625,1.0
XGBoost,0.5915492957746479,1.0
XGBoost,0.5924764890282131,1.0
XGBoost,0.5934065934065934,1.0
XGBoost,0.5943396226415094,1.0
XGBoost,0.5952755905511811,1.0
XGBoost,0.5962145110410094,1.0
XGBoost,0.5971563981042654,1.0
XGBoost,0.5981012658227848,1.0
XGBoost,0.5990491283676703,1.0
XGBoost,0.6,1.0
XGBoost,0.6009538950715422,1.0
XGBoost,0.6019108280254777,1.0
XGBoost,0.6028708133971292,1.0
XGBoost,0.6038338658146964,1.0
XGBoost,0.6048,1.0
XGBoost,0.6057692307692307,1.0
XGBoost,0.6067415730337079,1.0
XGBoost,0.6077170418006431,1.0
XGBoost,0.6086956521739131,1.0
XGBoost,0.6096774193548387,1.0
XGBoost,0.6106623586429726,1.0
XGBoost,0.6116504854368932,1.0
XGBoost,0.6126418152350082,1.0
XGBoost,0.6136363636363636,1.0
XGBoost,0.6146341463414634,1.0
XGBoost,0.6156351791530945,1.0
XGBoost,0.6166394779771615,1.0
XGBoost,0.6176470588235294,1.0
XGBoost,0.618657937806874,1.0
XGBoost,0.6196721311475409,1.0
XGBoost,0.6206896551724138,1.0
XGBoost,0.6217105263157895,1.0
XGBoost,0.6227347611202636,1.0
XGBoost,0.6237623762376238,1.0
XGBoost,0.6247933884297521,1.0
XGBoost,0.6258278145695364,1.0
XGBoost,0.6268656716417911,1.0
XGBoost,0.627906976744186,1.0
XGBoost,0.6289517470881864,1.0
XGBoost,0.63,1.0
XGBoost,0.6310517529215359,1.0
XGBoost,0.6321070234113713,1.0
XGBoost,0.6331658291457286,1.0
XGBoost,0.6342281879194631,1.0
XGBoost,0.6352941176470588,1.0
XGBoost,0.6363636363636364,1.0
XGBoost,0.6374367622259697,1.0
XGBoost,0.6385135135135135,1.0
XGBoost,0.6395939086294417,1.0
XGBoost,0.6406779661016949,1.0
XGBoost,0.6417657045840407,1.0
XGBoost,0.6428571428571429,1.0
XGBoost,0.6439522998296422,1.0
XGBoost,0.6450511945392492,1.0
XGBoost,0.6461538461538462,1.0
XGBoost,0.6472602739726028,1.0
XGBoost,0.6483704974271012,1.0
XGBoost,0.6494845360824743,1.0
XGBoost,0.6506024096385542,1.0
XGBoost,0.6517241379310345,1.0
XGBoost,0.6528497409326425,1.0
XGBoost,0.6539792387543253,1.0
XGBoost,0.6551126516464472,1.0
XGBoost,0.65625,1.0
XGBoost,0.6573913043478261,1.0
XGBoost,0.6585365853658537,1.0
XGBoost,0.6596858638743456,1.0
XGBoost,0.6608391608391608,1.0
XGBoost,0.6619964973730298,1.0
XGBoost,0.6631578947368421,1.0
XGBoost,0.664323374340949,1.0
XGBoost,0.6654929577464789,1.0
XGBoost,0.6666666666666666,1.0
XGBoost,0.6678445229681979,1.0
XGBoost,0.6690265486725664,1.0
XGBoost,0.6702127659574468,1.0
XGBoost,0.6714031971580817,1.0
XGBoost,0.6725978647686833,1.0
XGBoost,0.6737967914438503,1.0
XGBoost,0.675,1.0
XGBoost,0.6762075134168157,1.0
XGBoost,0.6774193548387096,1.0
XGBoost,0.6786355475763016,1.0
XGBoost,0.6798561151079137,1.0
XGBoost,0.6810810810810811,1.0
XGBoost,0.6823104693140795,1.0
XGBoost,0.6835443037974683,1.0
XGBoost,0.6847826086956522,1.0
XGBoost,0.6860254083484574,1.0
XGBoost,0.6872727272727273,1.0
XGBoost,0.6885245901639344,1.0
XGBoost,0.6897810218978102,1.0
XGBoost,0.6910420475319927,1.0
XGBoost,0.6923076923076923,1.0
XGBoost,0.6935779816513762,1.0
XGBoost,0.6948529411764706,1.0
XGBoost,0.6961325966850829,1.0
XGBoost,0.6974169741697417,1.0
XGBoost,0.6987060998151571,1.0
XGBoost,0.7,1.0
XGBoost,0.7012987012987013,1.0
XGBoost,0.7026022304832714,1.0
XGBoost,0.7039106145251397,1.0
XGBoost,0.7052238805970149,1.0
XGBoost,0.7065420560747664,1.0
XGBoost,0.7078651685393258,1.0
XGBoost,0.7091932457786116,1.0
XGBoost,0.7105263157894737,1.0
XGBoost,0.711864406779661,1.0
XGBoost,0.7132075471698113,1.0
XGBoost,0.7145557655954632,1.0
XGBoost,0.7159090909090909,1.0
XGBoost,0.7172675521821632,1.0
XGBoost,0.7186311787072244,1.0
XGBoost,0.72,1.0
XGBoost,0.7213740458015268,1.0
XGBoost,0.722753346080306,1.0
XGBoost,0.7241379310344828,1.0
XGBoost,0.72552783109405,1.0
XGBoost,0.7269230769230769,1.0
XGBoost,0.7283236994219653,1.0
XGBoost,0.7297297297297297,1.0
XGBoost,0.7311411992263056,1.0
XGBoost,0.7325581395348837,1.0
XGBoost,0.7339805825242719,1.0
XGBoost,0.7354085603112841,1.0
XGBoost,0.7368421052631579,1.0
XGBoost,0.73828125,1.0
XGBoost,0.7397260273972602,1.0
XGBoost,0.7411764705882353,1.0
XGBoost,0.7426326129666012,1.0
XGBoost,0.7440944881889764,1.0
XGBoost,0.7455621301775148,1.0
XGBoost,0.7470355731225297,1.0
XGBoost,0.7485148514851485,1.0
XGBoost,0.75,1.0
XGBoost,0.7514910536779325,1.0
XGBoost,0.7529880478087649,1.0
XGBoost,0.7544910179640718,1.0
XGBoost,0.756,1.0
XGBoost,0.7575150300601202,1.0
XGBoost,0.7590361445783133,1.0
XGBoost,0.7605633802816901,1.0
XGBoost,0.7620967741935484,1.0
XGBoost,0.7636363636363637,1.0
XGBoost,0.7651821862348178,1.0
XGBoost,0.7667342799188641,1.0
XGBoost,0.7682926829268293,1.0
XGBoost,0.769857433808554,1.0
XGBoost,0.7714285714285715,1.0
XGBoost,0.7730061349693251,1.0
XGBoost,0.7745901639344263,1.0
XGBoost,0.7761806981519507,1.0
XGBoost,0.7777777777777778,1.0
XGBoost,0.7793814432989691,1.0
XGBoost,0.78099173553719,1.0
XGBoost,0.782608695652174,1.0
XGBoost,0.7842323651452282,1.0
XGBoost,0.7858627858627859,1.0
XGBoost,0.7875,1.0
XGBoost,0.7891440501043842,1.0
XGBoost,0.7907949790794979,1.0
XGBoost,0.7924528301886793,1.0
XGBoost,0.7941176470588235,1.0
XGBoost,0.7957894736842105,1.0
XGBoost,0.7974683544303798,1.0
XGBoost,0.7991543340380549,1.0
XGBoost,0.8008474576271186,1.0
XGBoost,0.802547770700637,1.0
XGBoost,0.8042553191489362,1.0
XGBoost,0.8059701492537313,1.0
XGBoost,0.8076923076923077,1.0
XGBoost,0.8094218415417559,1.0
XGBoost,0.8111587982832618,1.0
XGBoost,0.8129032258064516,1.0
XGBoost,0.8146551724137931,1.0
XGBoost,0.816414686825054,1.0
XGBoost,0.8181818181818182,1.0
XGBoost,0.8199566160520607,1.0
XGBoost,0.8217391304347826,1.0
XGBoost,0.8235294117647058,1.0
XGBoost,0.8253275109170306,1.0
XGBoost,0.8271334792122538,1.0
XGBoost,0.8289473684210527,1.0
XGBoost,0.8307692307692308,1.0
XGBoost,0.8325991189427313,1.0
XGBoost,0.8344370860927153,1.0
XGBoost,0.8362831858407079,1.0
XGBoost,0.8381374722838137,1.0
XGBoost,0.84,1.0
XGBoost,0.8418708240534521,1.0
XGBoost,0.84375,1.0
XGBoost,0.8456375838926175,1.0
XGBoost,0.8475336322869955,1.0
XGBoost,0.849438202247191,1.0
XGBoost,0.8513513513513513,1.0
XGBoost,0.8532731376975169,1.0
XGBoost,0.8552036199095022,1.0
XGBoost,0.8571428571428571,1.0
XGBoost,0.8590909090909091,1.0
XGBoost,0.8610478359908884,1.0
XGBoost,0.863013698630137,1.0
XGBoost,0.8649885583524027,1.0
XGBoost,0.8669724770642202,1.0
XGBoost,0.8689655172413793,1.0
XGBoost,0.8709677419354839,1.0
XGBoost,0.8729792147806005,1.0
XGBoost,0.875,1.0
XGBoost,0.877030162412993,1.0
XGBoost,0.8790697674418605,1.0
XGBoost,0.8811188811188811,1.0
XGBoost,0.883177570093458,1.0
XGBoost,0.8852459016393442,1.0
XGBoost,0.8873239436619719,1.0
XGBoost,0.8894117647058823,1.0
XGBoost,0.8915094339622641,1.0
XGBoost,0.8936170212765957,1.0
XGBoost,0.8957345971563981,1.0
XGBoost,0.8978622327790974,1.0
XGBoost,0.9,1.0
XGBoost,0.9021479713603818,1.0
XGBoost,0.9043062200956937,1.0
XGBoost,0.9040767386091128,0.9973544973544973
XGBoost,0.90625,0.9973544973544973
XGBoost,0.908433734939759,0.9973544973544973
XGBoost,0.9106280193236715,0.9973544973544973
XGBoost,0.9128329297820823,0.9973544973544973
XGBoost,0.9150485436893204,0.9973544973544973
XGBoost,0.9172749391727494,0.9973544973544973
XGBoost,0.9195121951219513,0.9973544973544973
XGBoost,0.921760391198044,0.9973544973544973
XGBoost,0.9240196078431373,0.9973544973544973
XGBoost,0.9262899262899262,0.9973544973544973
XGBoost,0.9285714285714286,0.9973544973544973
XGBoost,0.928395061728395,0.9947089947089947
XGBoost,0.9306930693069307,0.9947089947089947
XGBoost,0.9330024813895782,0.9947089947089947
XGBoost,0.9353233830845771,0.9947089947089947
XGBoost,0.9376558603491272,0.9947089947089947
XGBoost,0.94,0.9947089947089947
XGBoost,0.9423558897243107,0.9947089947089947
XGBoost,0.9422110552763819,0.9920634920634921
XGBoost,0.9445843828715366,0.9920634920634921
XGBoost,0.946969696969697,0.9920634920634921
XGBoost,0.9493670886075949,0.9920634920634921
XGBoost,0.9517766497461929,0.9920634920634921
XGBoost,0.9541984732824428,0.9920634920634921
XGBoost,0.9566326530612245,0.9920634920634921
XGBoost,0.959079283887468,0.9920634920634921
XGBoost,0.9615384615384616,0.9920634920634921
XGBoost,0.9640102827763496,0.9920634920634921
XGBoost,0.9639175257731959,0.9894179894179894
XGBoost,0.9664082687338501,0.9894179894179894
XGBoost,0.9689119170984456,0.9894179894179894
XGBoost,0.9714285714285714,0.9894179894179894
XGBoost,0.9713541666666666,0.9867724867724867
XGBoost,0.9738903394255874,0.9867724867724867
XGBoost,0.9764397905759162,0.9867724867724867
XGBoost,0.979002624671916,0.9867724867724867
XGBoost,0.9789473684210527,0.9841269841269841
XGBoost,0.9815303430079155,0.9841269841269841
XGBoost,0.9841269841269841,0.9841269841269841
XGBoost,0.986737400530504,0.9841269841269841
XGBoost,0.9893617021276596,0.9841269841269841
XGBoost,0.9893333333333333,0.9814814814814815
XGBoost,0.9919786096256684,0.9814814814814815
XGBoost,0.9919571045576407,0.9788359788359788
XGBoost,0.9919354838709677,0.9761904761904762
XGBoost,0.9919137466307277,0.9735449735449735
XGBoost,0.9945945945945946,0.9735449735449735
XGBoost,0.994579945799458,0.9708994708994709
XGBoost,0.9945652173913043,0.9682539682539683
XGBoost,0.9945504087193461,0.9656084656084656
XGBoost,0.994535519125683,0.9629629629629629
XGBoost,0.9945054945054945,0.9576719576719577
XGBoost,0.9944903581267218,0.955026455026455
XGBoost,0.994475138121547,0.9523809523809523
XGBoost,0.9944598337950139,0.9497354497354498
XGBoost,0.9944444444444445,0.9470899470899471
XGBoost,0.9944289693593314,0.9444444444444444
XGBoost,0.994413407821229,0.9417989417989417
XGBoost,0.9943977591036415,0.9391534391534392
XGBoost,0.9943820224719101,0.9365079365079365
XGBoost,0.9943661971830986,0.9338624338624338
XGBoost,0.9943502824858758,0.9312169312169312
XGBoost,0.9943342776203966,0.9285714285714286
XGBoost,0.9943181818181818,0.9259259259259259
XGBoost,0.9943019943019943,0.9232804232804233
XGBoost,0.9971428571428571,0.9232804232804233
XGBoost,0.997134670487106,0.9206349206349206
XGBoost,0.9971264367816092,0.917989417989418
XGBoost,0.9971181556195965,0.9153439153439153
XGBoost,0.9971098265895953,0.9126984126984127
XGBoost,0.9971014492753624,0.91005291005291
XGBoost,0.997093023255814,0.9074074074074074
XGBoost,0.9970845481049563,0.9047619047619048
XGBoost,0.9970760233918129,0.9021164021164021
XGBoost,0.9970674486803519,0.8994708994708994
XGBoost,0.9970588235294118,0.8968253968253969
XGBoost,0.9970501474926253,0.8941798941798942
XGBoost,0.9970414201183432,0.8915343915343915
XGBoost,0.9970326409495549,0.8888888888888888
XGBoost,0.9970238095238095,0.8862433862433863
XGBoost,0.9970149253731343,0.8835978835978836
XGBoost,0.9970059880239521,0.8809523809523809
XGBoost,0.996996996996997,0.8783068783068783
XGBoost,0.9969879518072289,0.8756613756613757
XGBoost,0.9969788519637462,0.873015873015873
XGBoost,0.996969696969697,0.8703703703703703
XGBoost,0.9969604863221885,0.8677248677248677
XGBoost,0.9969512195121951,0.8650793650793651
XGBoost,0.9969418960244648,0.8624338624338624
XGBoost,0.9969325153374233,0.8597883597883598
XGBoost,0.9969230769230769,0.8571428571428571
XGBoost,0.9969135802469136,0.8544973544973545
XGBoost,0.9969040247678018,0.8518518518518519
XGBoost,0.9968944099378882,0.8492063492063492
XGBoost,0.9968847352024922,0.8465608465608465
XGBoost,0.996875,0.843915343915344
XGBoost,0.9968652037617555,0.8412698412698413
XGBoost,0.9968553459119497,0.8386243386243386
XGBoost,0.9968454258675079,0.8359788359788359
XGBoost,0.9968354430379747,0.8333333333333334
XGBoost,0.9968253968253968,0.8306878306878307
XGBoost,0.9968152866242038,0.828042328042328
XGBoost,0.9968051118210862,0.8253968253968254
XGBoost,0.9967948717948718,0.8227513227513228
XGBoost,0.9967845659163987,0.8201058201058201
XGBoost,0.9967741935483871,0.8174603174603174
XGBoost,0.9967637540453075,0.8148148148148148
XGBoost,0.9967532467532467,0.8121693121693122
XGBoost,0.996742671009772,0.8095238095238095
XGBoost,0.9967320261437909,0.8068783068783069
XGBoost,0.9967213114754099,0.8042328042328042
XGBoost,0.9967105263157895,0.8015873015873016
XGBoost,0.9966996699669967,0.798941798941799
XGBoost,0.9966887417218543,0.7962962962962963
XGBoost,0.9966777408637874,0.7936507936507936
XGBoost,0.9966666666666667,0.791005291005291
XGBoost,0.9966555183946488,0.7883597883597884
XGBoost,0.9966442953020134,0.7857142857142857
XGBoost,1.0,0.7857142857142857
XGBoost,1.0,0.783068783068783
XGBoost,1.0,0.7804232804232805
XGBoost,1.0,0.7777777777777778
XGBoost,1.0,0.7751322751322751
XGBoost,1.0,0.7724867724867724
XGBoost,1.0,0.7698412698412699
XGBoost,1.0,0.7671957671957672
XGBoost,1.0,0.7645502645502645
XGBoost,1.0,0.7619047619047619
XGBoost,1.0,0.7592592592592593
XGBoost,1.0,0.7566137566137566
XGBoost,1.0,0.753968253968254
XGBoost,1.0,0.7513227513227513
XGBoost,1.0,0.7486772486772487
XGBoost,1.0,0.746031746031746
XGBoost,1.0,0.7433862433862434
XGBoost,1.0,0.7407407407407407
XGBoost,1.0,0.7380952380952381
XGBoost,1.0,0.7354497354497355
XGBoost,1.0,0.7328042328042328
XGBoost,1.0,0.7301587301587301
XGBoost,1.0,0.7275132275132276
XGBoost,1.0,0.7248677248677249
XGBoost,1.0,0.7222222222222222
XGBoost,1.0,0.7195767195767195
XGBoost,1.0,0.716931216931217
XGBoost,1.0,0.7142857142857143
XGBoost,1.0,0.7116402116402116
XGBoost,1.0,0.708994708994709
XGBoost,1.0,0.7063492063492064
XGBoost,1.0,0.7037037037037037
XGBoost,1.0,0.701058201058201
XGBoost,1.0,0.6984126984126984
XGBoost,1.0,0.6957671957671958
XGBoost,1.0,0.6931216931216931
XGBoost,1.0,0.6904761904761905
XGBoost,1.0,0.6878306878306878
XGBoost,1.0,0.6851851851851852
XGBoost,1.0,0.6825396825396826
XGBoost,1.0,0.6798941798941799
XGBoost,1.0,0.6772486772486772
XGBoost,1.0,0.6746031746031746
XGBoost,1.0,0.671957671957672
XGBoost,1.0,0.6693121693121693
XGBoost,1.0,0.6666666666666666
XGBoost,1.0,0.6640211640211641
XGBoost,1.0,0.6613756613756614
XGBoost,1.0,0.6587301587301587
XGBoost,1.0,0.6507936507936508
XGBoost,1.0,0.6481481481481481
XGBoost,1.0,0.6455026455026455
XGBoost,1.0,0.6428571428571429
XGBoost,1.0,0.6402116402116402
XGBoost,1.0,0.6375661375661376
XGBoost,1.0,0.6349206349206349
XGBoost,1.0,0.6322751322751323
XGBoost,1.0,0.6296296296296297
XGBoost,1.0,0.626984126984127
XGBoost,1.0,0.6243386243386243
XGBoost,1.0,0.6216931216931217
XGBoost,1.0,0.6190476190476191
XGBoost,1.0,0.6164021164021164
XGBoost,1.0,0.6137566137566137
XGBoost,1.0,0.6111111111111112
XGBoost,1.0,0.6084656084656085
XGBoost,1.0,0.6058201058201058
XGBoost,1.0,0.6031746031746031
XGBoost,1.0,0.6005291005291006
XGBoost,1.0,0.5978835978835979
XGBoost,1.0,0.5952380952380952
XGBoost,1.0,0.5925925925925926
XGBoost,1.0,0.58994708994709
XGBoost,1.0,0.5873015873015873
XGBoost,1.0,0.5846560846560847
XGBoost,1.0,0.582010582010582
XGBoost,1.0,0.5793650793650794
XGBoost,1.0,0.5767195767195767
XGBoost,1.0,0.5740740740740741
XGBoost,1.0,0.5714285714285714
XGBoost,1.0,0.5687830687830688
XGBoost,1.0,0.5661375661375662
XGBoost,1.0,0.5634920634920635
XGBoost,1.0,0.5608465608465608
XGBoost,1.0,0.5582010582010583
XGBoost,1.0,0.5555555555555556
XGBoost,1.0,0.5529100529100529
XGBoost,1.0,0.5502645502645502
XGBoost,1.0,0.5476190476190477
XGBoost,1.0,0.544973544973545
XGBoost,1.0,0.5423280423280423
XGBoost,1.0,0.5396825396825397
XGBoost,1.0,0.5370370370370371
XGBoost,1.0,0.5343915343915344
XGBoost,1.0,0.5317460317460317
XGBoost,1.0,0.5291005291005291
XGBoost,1.0,0.5264550264550265
XGBoost,1.0,0.5238095238095238
XGBoost,1.0,0.5211640211640212
XGBoost,1.0,0.5185185185185185
XGBoost,1.0,0.5158730158730159
XGBoost,1.0,0.5132275132275133
XGBoost,1.0,0.5105820105820106
XGBoost,1.0,0.5079365079365079
XGBoost,1.0,0.5052910052910053
XGBoost,1.0,0.5026455026455027
XGBoost,1.0,0.5
XGBoost,1.0,0.4973544973544973
XGBoost,1.0,0.4947089947089947
XGBoost,1.0,0.49206349206349204
XGBoost,1.0,0.4894179894179894
XGBoost,1.0,0.48677248677248675
XGBoost,1.0,0.48412698412698413
XGBoost,1.0,0.48148148148148145
XGBoost,1.0,0.47883597883597884
XGBoost,1.0,0.47619047619047616
XGBoost,1.0,0.47354497354497355
XGBoost,1.0,0.4708994708994709
XGBoost,1.0,0.46825396825396826
XGBoost,1.0,0.4656084656084656
XGBoost,1.0,0.46296296296296297
XGBoost,1.0,0.4603174603174603
XGBoost,1.0,0.4576719576719577
XGBoost,1.0,0.455026455026455
XGBoost,1.0,0.4523809523809524
XGBoost,1.0,0.4497354497354497
XGBoost,1.0,0.4470899470899471
XGBoost,1.0,0.4444444444444444
XGBoost,1.0,0.4417989417989418
XGBoost,1.0,0.43915343915343913
XGBoost,1.0,0.4365079365079365
XGBoost,1.0,0.43386243386243384
XGBoost,1.0,0.4312169312169312
XGBoost,1.0,0.42857142857142855
XGBoost,1.0,0.42592592592592593
XGBoost,1.0,0.42328042328042326
XGBoost,1.0,0.42063492063492064
XGBoost,1.0,0.41798941798941797
XGBoost,1.0,0.41534391534391535
XGBoost,1.0,0.4126984126984127
XGBoost,1.0,0.41005291005291006
XGBoost,1.0,0.4074074074074074
XGBoost,1.0,0.40476190476190477
XGBoost,1.0,0.4021164021164021
XGBoost,1.0,0.3994708994708995
XGBoost,1.0,0.3968253968253968
XGBoost,1.0,0.3941798941798942
XGBoost,1.0,0.3915343915343915
XGBoost,1.0,0.3888888888888889
XGBoost,1.0,0.3862433862433862
XGBoost,1.0,0.3835978835978836
XGBoost,1.0,0.38095238095238093
XGBoost,1.0,0.3783068783068783
XGBoost,1.0,0.37566137566137564
XGBoost,1.0,0.37037037037037035
XGBoost,1.0,0.36772486772486773
XGBoost,1.0,0.36507936507936506
XGBoost,1.0,0.36243386243386244
XGBoost,1.0,0.35978835978835977
XGBoost,1.0,0.35714285714285715
XGBoost,1.0,0.3544973544973545
XGBoost,1.0,0.35185185185185186
XGBoost,1.0,0.3492063492063492
XGBoost,1.0,0.34656084656084657
XGBoost,1.0,0.3439153439153439
XGBoost,1.0,0.3412698412698413
XGBoost,1.0,0.3386243386243386
XGBoost,1.0,0.335978835978836
XGBoost,1.0,0.3333333333333333
XGBoost,1.0,0.3306878306878307
XGBoost,1.0,0.328042328042328
XGBoost,1.0,0.3253968253968254
XGBoost,1.0,0.32275132275132273
XGBoost,1.0,0.3201058201058201
XGBoost,1.0,0.31746031746031744
XGBoost,1.0,0.3148148148148148
XGBoost,1.0,0.31216931216931215
XGBoost,1.0,0.30952380952380953
XGBoost,1.0,0.30687830687830686
XGBoost,1.0,0.30423280423280424
XGBoost,1.0,0.30158730158730157
XGBoost,1.0,0.29894179894179895
XGBoost,1.0,0.2962962962962963
XGBoost,1.0,0.29365079365079366
XGBoost,1.0,0.291005291005291
XGBoost,1.0,0.28835978835978837
XGBoost,1.0,0.2857142857142857
XGBoost,1.0,0.2830687830687831
XGBoost,1.0,0.2804232804232804
XGBoost,1.0,0.2777777777777778
XGBoost,1.0,0.2751322751322751
XGBoost,1.0,0.2724867724867725
XGBoost,1.0,0.2698412698412698
XGBoost,1.0,0.2671957671957672
XGBoost,1.0,0.26455026455026454
XGBoost,1.0,0.2619047619047619
XGBoost,1.0,0.25925925925925924
XGBoost,1.0,0.2566137566137566
XGBoost,1.0,0.25396825396825395
XGBoost,1.0,0.25132275132275134
XGBoost,1.0,0.24867724867724866
XGBoost,1.0,0.24603174603174602
XGBoost,1.0,0.24338624338624337
XGBoost,1.0,0.24074074074074073
XGBoost,1.0,0.23809523809523808
XGBoost,1.0,0.23544973544973544
XGBoost,1.0,0.2328042328042328
XGBoost,1.0,0.23015873015873015
XGBoost,1.0,0.2275132275132275
XGBoost,1.0,0.22486772486772486
XGBoost,1.0,0.2222222222222222
XGBoost,1.0,0.21957671957671956
XGBoost,1.0,0.21693121693121692
XGBoost,1.0,0.21428571428571427
XGBoost,1.0,0.21164021164021163
XGBoost,1.0,0.20899470899470898
XGBoost,1.0,0.20634920634920634
XGBoost,1.0,0.2037037037037037
XGBoost,1.0,0.20105820105820105
XGBoost,1.0,0.1984126984126984
XGBoost,1.0,0.19576719576719576
XGBoost,1.0,0.1931216931216931
XGBoost,1.0,0.19047619047619047
XGBoost,1.0,0.18783068783068782
XGBoost,1.0,0.18518518518518517
XGBoost,1.0,0.18253968253968253
XGBoost,1.0,0.17989417989417988
XGBoost,1.0,0.17724867724867724
XGBoost,1.0,0.1746031746031746
XGBoost,1.0,0.17195767195767195
XGBoost,1.0,0.1693121693121693
XGBoost,1.0,0.16666666666666666
XGBoost,1.0,0.164021164021164
XGBoost,1.0,0.16137566137566137
XGBoost,1.0,0.15873015873015872
XGBoost,1.0,0.15608465608465608
XGBoost,1.0,0.15343915343915343
XGBoost,1.0,0.15079365079365079
XGBoost,1.0,0.14814814814814814
XGBoost,1.0,0.1455026455026455
XGBoost,1.0,0.14285714285714285
XGBoost,1.0,0.1402116402116402
XGBoost,1.0,0.13756613756613756
XGBoost,1.0,0.1349206349206349
XGBoost,1.0,0.13227513227513227
XGBoost,1.0,0.12962962962962962
XGBoost,1.0,0.12698412698412698
XGBoost,1.0,0.12433862433862433
XGBoost,1.0,0.12169312169312169
XGBoost,1.0,0.11904761904761904
XGBoost,1.0,0.1164021164021164
XGBoost,1.0,0.11375661375661375
XGBoost,1.0,0.1111111111111111
XGBoost,1.0,0.10846560846560846
XGBoost,1.0,0.10582010582010581
XGBoost,1.0,0.10317460317460317
XGBoost,1.0,0.10052910052910052
XGBoost,1.0,0.09788359788359788
XGBoost,1.0,0.09523809523809523
XGBoost,1.0,0.09259259259259259
XGBoost,1.0,0.08994708994708994
XGBoost,1.0,0.0873015873015873
XGBoost,1.0,0.08465608465608465
XGBoost,1.0,0.082010582010582
XGBoost,1.0,0.07936507936507936
XGBoost,1.0,0.07671957671957672
XGBoost,1.0,0.07407407407407407
XGBoost,1.0,0.07142857142857142
XGBoost,1.0,0.06878306878306878
XGBoost,1.0,0.06613756613756613
XGBoost,1.0,0.06349206349206349
XGBoost,1.0,0.06084656084656084
XGBoost,1.0,0.0582010582010582
XGBoost,1.0,0.05555555555555555
XGBoost,1.0,0.05291005291005291
XGBoost,1.0,0.05026455026455026
XGBoost,1.0,0.047619047619047616
XGBoost,1.0,0.04497354497354497
XGBoost,1.0,0.042328042328042326
XGBoost,1.0,0.03968253968253968
XGBoost,1.0,0.037037037037037035
XGBoost,1.0,0.03439153439153439
XGBoost,1.0,0.031746031746031744
XGBoost,1.0,0.0291005291005291
XGBoost,1.0,0.026455026455026454
XGBoost,1.0,0.023809523809523808
XGBoost,1.0,0.021164021164021163
XGBoost,1.0,0.018518518518518517
XGBoost,1.0,0.015873015873015872
XGBoost,1.0,0.013227513227513227
XGBoost,1.0,0.010582010582010581
XGBoost,1.0,0.007936507936507936
XGBoost,1.0,0.005291005291005291
XGBoost,1.0,0.0026455026455026454
XGBoost,1.0,0.0
SVM_Linear,0.3129139072847682,1.0
SVM_Linear,0.3131731565865783,1.0
SVM_Linear,0.31343283582089554,1.0
SVM_Linear,0.3136929460580913,1.0
SVM_Linear,0.313953488372093,1.0
SVM_Linear,0.314214463840399,1.0
SVM_Linear,0.3144758735440932,1.0
SVM_Linear,0.3147377185678601,1.0
SVM_Linear,0.315,1.0
SVM_Linear,0.31526271893244373,1.0
SVM_Linear,0.31552587646076796,1.0
SVM_Linear,0.3157894736842105,1.0
SVM_Linear,0.31605351170568563,1.0
SVM_Linear,0.3163179916317992,1.0
SVM_Linear,0.3165829145728643,1.0
SVM_Linear,0.316848281642917,1.0
SVM_Linear,0.31711409395973156,1.0
SVM_Linear,0.31738035264483627,1.0
SVM_Linear,0.3176470588235294,1.0
SVM_Linear,0.31791421362489486,1.0
SVM_Linear,0.3181818181818182,1.0
SVM_Linear,0.3184498736310025,1.0
SVM_Linear,0.31871838111298484,1.0
SVM_Linear,0.3189873417721519,1.0
SVM_Linear,0.31925675675675674,1.0
SVM_Linear,0.31952662721893493,1.0
SVM_Linear,0.3197969543147208,1.0
SVM_Linear,0.32006773920406434,1.0
SVM_Linear,0.32033898305084746,1.0
SVM_Linear,0.32061068702290074,1.0
SVM_Linear,0.32088285229202035,1.0
SVM_Linear,0.3211554800339847,1.0
SVM_Linear,0.32142857142857145,1.0
SVM_Linear,0.32170212765957445,1.0
SVM_Linear,0.3219761499148211,1.0
SVM_Linear,0.32225063938618925,1.0
SVM_Linear,0.3225255972696246,1.0
SVM_Linear,0.322801024765158,1.0
SVM_Linear,0.3230769230769231,1.0
SVM_Linear,0.32335329341317365,1.0
SVM_Linear,0.3236301369863014,1.0
SVM_Linear,0.32390745501285345,1.0
SVM_Linear,0.3241852487135506,1.0
SVM_Linear,0.3244635193133047,1.0
SVM_Linear,0.3247422680412371,1.0
SVM_Linear,0.3250214961306965,1.0
SVM_Linear,0.3253012048192771,1.0
SVM_Linear,0.32558139534883723,1.0
SVM_Linear,0.3258620689655172,1.0
SVM_Linear,0.3261432269197584,1.0
SVM_Linear,0.32642487046632124,1.0
SVM_Linear,0.3267070008643042,1.0
SVM_Linear,0.32698961937716264,1.0
SVM_Linear,0.32727272727272727,1.0
SVM_Linear,0.3275563258232236,1.0
SVM_Linear,0.32784041630529054,1.0
SVM_Linear,0.328125,1.0
SVM_Linear,0.32841007819287577,1.0
SVM_Linear,0.32869565217391306,1.0
SVM_Linear,0.3289817232375979,1.0
SVM_Linear,0.32926829268292684,1.0
SVM_Linear,0.3295553618134263,1.0
SVM_Linear,0.3298429319371728,1.0
SVM_Linear,0.33013100436681225,1.0
SVM_Linear,0.3304195804195804,1.0
SVM_Linear,0.33070866141732286,1.0
SVM_Linear,0.3309982486865149,1.0
SVM_Linear,0.3312883435582822,1.0
SVM_Linear,0.33157894736842103,1.0
SVM_Linear,0.33187006145741876,1.0
SVM_Linear,0.3321616871704745,1.0
SVM_Linear,0.3324538258575198,1.0
SVM_Linear,0.33274647887323944,1.0
SVM_Linear,0.33303964757709253,1.0
SVM_Linear,0.3333333333333333,1.0
SVM_Linear,0.33362753751103263,1.0
SVM_Linear,0.3339222614840989,1.0
SVM_Linear,0.33421750663129973,1.0
SVM_Linear,0.3345132743362832,1.0
SVM_Linear,0.33480956598759964,1.0
SVM_Linear,0.3351063829787234,1.0
SVM_Linear,0.33540372670807456,1.0
SVM_Linear,0.33570159857904086,1.0
SVM_Linear,0.336,1.0
SVM_Linear,0.33629893238434166,1.0
SVM_Linear,0.3365983971504898,1.0
SVM_Linear,0.33689839572192515,1.0
SVM_Linear,0.33719892952720787,1.0
SVM_Linear,0.3375,1.0
SVM_Linear,0.3378016085790885,1.0
SVM_Linear,0.33810375670840787,1.0
SVM_Linear,0.3384064458370636,1.0
SVM_Linear,0.3387096774193548,1.0
SVM_Linear,0.33901345291479823,1.0
SVM_Linear,0.3393177737881508,1.0
SVM_Linear,0.33962264150943394,1.0
SVM_Linear,0.33992805755395683,1.0
SVM_Linear,0.3402340234023402,1.0
SVM_Linear,0.34054054054054056,1.0
SVM_Linear,0.3408476104598738,1.0
SVM_Linear,0.34115523465703973,1.0
SVM_Linear,0.34146341463414637,1.0
SVM_Linear,0.34177215189873417,1.0
SVM_Linear,0.3420814479638009,1.0
SVM_Linear,0.3423913043478261,1.0
SVM_Linear,0.34270172257479603,1.0
SVM_Linear,0.3430127041742287,1.0
SVM_Linear,0.34332425068119893,1.0
SVM_Linear,0.34363636363636363,1.0
SVM_Linear,0.34394904458598724,1.0
SVM_Linear,0.3442622950819672,1.0
SVM_Linear,0.3445761166818596,1.0
SVM_Linear,0.3448905109489051,1.0
SVM_Linear,0.3452054794520548,1.0
SVM_Linear,0.34552102376599636,1.0
SVM_Linear,0.3458371454711802,1.0
SVM_Linear,0.34615384615384615,1.0
SVM_Linear,0.3464711274060495,1.0
SVM_Linear,0.3467889908256881,1.0
SVM_Linear,0.34710743801652894,1.0
SVM_Linear,0.3474264705882353,1.0
SVM_Linear,0.34774609015639374,1.0
SVM_Linear,0.34806629834254144,1.0
SVM_Linear,0.34838709677419355,1.0
SVM_Linear,0.34870848708487084,1.0
SVM_Linear,0.3490304709141274,1.0
SVM_Linear,0.34935304990757854,1.0
SVM_Linear,0.34967622571692875,1.0
SVM_Linear,0.35,1.0
SVM_Linear,0.35032437442076,1.0
SVM_Linear,0.35064935064935066,1.0
SVM_Linear,0.35097493036211697,1.0
SVM_Linear,0.3513011152416357,1.0
SVM_Linear,0.3516279069767442,1.0
SVM_Linear,0.35195530726256985,1.0
SVM_Linear,0.35228331780055916,1.0
SVM_Linear,0.35261194029850745,1.0
SVM_Linear,0.35294117647058826,1.0
SVM_Linear,0.3532710280373832,1.0
SVM_Linear,0.35360149672591207,1.0
SVM_Linear,0.3539325842696629,1.0
SVM_Linear,0.3542642924086223,1.0
SVM_Linear,0.3545966228893058,1.0
SVM_Linear,0.35492957746478876,1.0
SVM_Linear,0.35526315789473684,1.0
SVM_Linear,0.35559736594543745,1.0
SVM_Linear,0.3559322033898305,1.0
SVM_Linear,0.35626767200754006,1.0
SVM_Linear,0.35660377358490564,1.0
SVM_Linear,0.35694050991501414,1.0
SVM_Linear,0.3572778827977316,1.0
SVM_Linear,0.3576158940397351,1.0
SVM_Linear,0.35795454545454547,1.0
SVM_Linear,0.3582938388625592,1.0
SVM_Linear,0.3586337760910816,1.0
SVM_Linear,0.358974358974359,1.0
SVM_Linear,0.3593155893536122,1.0
SVM_Linear,0.35965746907706947,1.0
SVM_Linear,0.36,1.0
SVM_Linear,0.3603431839847474,1.0
SVM_Linear,0.3606870229007634,1.0
SVM_Linear,0.36103151862464183,1.0
SVM_Linear,0.361376673040153,1.0
SVM_Linear,0.3617224880382775,1.0
SVM_Linear,0.3620689655172414,1.0
SVM_Linear,0.3624161073825503,1.0
SVM_Linear,0.362763915547025,1.0
SVM_Linear,0.3631123919308357,1.0
SVM_Linear,0.36346153846153845,1.0
SVM_Linear,0.3638113570741097,1.0
SVM_Linear,0.36416184971098264,1.0
SVM_Linear,0.36451301832208294,1.0
SVM_Linear,0.36486486486486486,1.0
SVM_Linear,0.3652173913043478,1.0
SVM_Linear,0.3655705996131528,1.0
SVM_Linear,0.3659244917715392,1.0
SVM_Linear,0.36627906976744184,1.0
SVM_Linear,0.36663433559650827,1.0
SVM_Linear,0.36699029126213595,1.0
SVM_Linear,0.3673469387755102,1.0
SVM_Linear,0.36770428015564205,1.0
SVM_Linear,0.36806231742940604,1.0
SVM_Linear,0.3684210526315789,1.0
SVM_Linear,0.36878048780487804,1.0
SVM_Linear,0.369140625,1.0
SVM_Linear,0.36950146627565983,1.0
SVM_Linear,0.3698630136986301,1.0
SVM_Linear,0.3702252693437806,1.0
SVM_Linear,0.37058823529411766,1.0
SVM_Linear,0.37095191364082436,1.0
SVM_Linear,0.3713163064833006,1.0
SVM_Linear,0.37168141592920356,1.0
SVM_Linear,0.3720472440944882,1.0
SVM_Linear,0.3724137931034483,1.0
SVM_Linear,0.3727810650887574,1.0
SVM_Linear,0.37314906219151034,1.0
SVM_Linear,0.37351778656126483,1.0
SVM_Linear,0.37388724035608306,1.0
SVM_Linear,0.37425742574257426,1.0
SVM_Linear,0.37462834489593655,1.0
SVM_Linear,0.375,1.0
SVM_Linear,0.3753723932472691,1.0
SVM_Linear,0.3757455268389662,1.0
SVM_Linear,0.3761194029850746,1.0
SVM_Linear,0.37649402390438247,1.0
SVM_Linear,0.37686939182452645,1.0
SVM_Linear,0.3772455089820359,1.0
SVM_Linear,0.3776223776223776,1.0
SVM_Linear,0.378,1.0
SVM_Linear,0.3783783783783784,1.0
SVM_Linear,0.3787575150300601,1.0
SVM_Linear,0.3791374122367101,1.0
SVM_Linear,0.3795180722891566,1.0
SVM_Linear,0.3798994974874372,1.0
SVM_Linear,0.38028169014084506,1.0
SVM_Linear,0.3806646525679758,1.0
SVM_Linear,0.3810483870967742,1.0
SVM_Linear,0.38143289606458125,1.0
SVM_Linear,0.38181818181818183,1.0
SVM_Linear,0.3822042467138524,1.0
SVM_Linear,0.3825910931174089,1.0
SVM_Linear,0.3829787234042553,1.0
SVM_Linear,0.38336713995943206,1.0
SVM_Linear,0.383756345177665,1.0
SVM_Linear,0.38414634146341464,1.0
SVM_Linear,0.38453713123092575,1.0
SVM_Linear,0.384928716904277,1.0
SVM_Linear,0.3853211009174312,1.0
SVM_Linear,0.38571428571428573,1.0
SVM_Linear,0.3861082737487232,1.0
SVM_Linear,0.38650306748466257,1.0
SVM_Linear,0.38689866939611056,1.0
SVM_Linear,0.38729508196721313,1.0
SVM_Linear,0.38769230769230767,1.0
SVM_Linear,0.38809034907597534,1.0
SVM_Linear,0.38848920863309355,1.0
SVM_Linear,0.3888888888888889,1.0
SVM_Linear,0.38928939237899074,1.0
SVM_Linear,0.38969072164948454,1.0
SVM_Linear,0.39009287925696595,1.0
SVM_Linear,0.390495867768595,1.0
SVM_Linear,0.390899689762151,1.0
SVM_Linear,0.391304347826087,1.0
SVM_Linear,0.3917098445595855,1.0
SVM_Linear,0.3921161825726141,1.0
SVM_Linear,0.3925233644859813,1.0
SVM_Linear,0.39293139293139295,1.0
SVM_Linear,0.39334027055150883,1.0
SVM_Linear,0.39375,1.0
SVM_Linear,0.39416058394160586,1.0
SVM_Linear,0.3945720250521921,1.0
SVM_Linear,0.3949843260188088,1.0
SVM_Linear,0.39539748953974896,1.0
SVM_Linear,0.3958115183246073,1.0
SVM_Linear,0.39622641509433965,1.0
SVM_Linear,0.39664218258132217,1.0
SVM_Linear,0.39705882352941174,1.0
SVM_Linear,0.39747634069400634,1.0
SVM_Linear,0.39789473684210525,1.0
SVM_Linear,0.39831401475237094,1.0
SVM_Linear,0.3987341772151899,1.0
SVM_Linear,0.3991552270327349,1.0
SVM_Linear,0.39957716701902746,1.0
SVM_Linear,0.4,1.0
SVM_Linear,0.4004237288135593,1.0
SVM_Linear,0.40084835630965004,1.0
SVM_Linear,0.4012738853503185,1.0
SVM_Linear,0.40170031880977686,1.0
SVM_Linear,0.4021276595744681,1.0
SVM_Linear,0.402555910543131,1.0
SVM_Linear,0.40298507462686567,1.0
SVM_Linear,0.4034151547491996,1.0
SVM_Linear,0.40384615384615385,1.0
SVM_Linear,0.4042780748663102,1.0
SVM_Linear,0.40471092077087795,1.0
SVM_Linear,0.40514469453376206,1.0
SVM_Linear,0.4055793991416309,1.0
SVM_Linear,0.40601503759398494,1.0
SVM_Linear,0.4064516129032258,1.0
SVM_Linear,0.4068891280947255,1.0
SVM_Linear,0.4073275862068966,1.0
SVM_Linear,0.4077669902912621,1.0
SVM_Linear,0.408207343412527,1.0
SVM_Linear,0.40864864864864864,1.0
SVM_Linear,0.4090909090909091,1.0
SVM_Linear,0.409534127843987,1.0
SVM_Linear,0.40997830802603036,1.0
SVM_Linear,0.41042345276872966,1.0
SVM_Linear,0.4108695652173913,1.0
SVM_Linear,0.41131664853101196,1.0
SVM_Linear,0.4117647058823529,1.0
SVM_Linear,0.4122137404580153,1.0
SVM_Linear,0.4126637554585153,1.0
SVM_Linear,0.4131147540983607,1.0
SVM_Linear,0.4135667396061269,1.0
SVM_Linear,0.4140197152245345,1.0
SVM_Linear,0.4144736842105263,1.0
SVM_Linear,0.4149286498353458,1.0
SVM_Linear,0.4153846153846154,1.0
SVM_Linear,0.4158415841584158,1.0
SVM_Linear,0.41629955947136565,1.0
SVM_Linear,0.41675854465270123,1.0
SVM_Linear,0.41721854304635764,1.0
SVM_Linear,0.4176795580110497,1.0
SVM_Linear,0.41814159292035397,1.0
SVM_Linear,0.4186046511627907,1.0
SVM_Linear,0.4190687361419069,1.0
SVM_Linear,0.4195338512763596,1.0
SVM_Linear,0.42,1.0
SVM_Linear,0.42046718576195774,1.0
SVM_Linear,0.4209354120267261,1.0
SVM_Linear,0.4214046822742475,1.0
SVM_Linear,0.421875,1.0
SVM_Linear,0.4223463687150838,1.0
SVM_Linear,0.4228187919463087,1.0
SVM_Linear,0.4232922732362822,1.0
SVM_Linear,0.42376681614349776,1.0
SVM_Linear,0.42424242424242425,1.0
SVM_Linear,0.4247191011235955,1.0
SVM_Linear,0.4251968503937008,1.0
SVM_Linear,0.42567567567567566,1.0
SVM_Linear,0.42615558060879366,1.0
SVM_Linear,0.42663656884875845,1.0
SVM_Linear,0.4271186440677966,1.0
SVM_Linear,0.4276018099547511,1.0
SVM_Linear,0.42808607021517553,1.0
SVM_Linear,0.42857142857142855,1.0
SVM_Linear,0.42905788876276957,1.0
SVM_Linear,0.42954545454545456,1.0
SVM_Linear,0.4300341296928328,1.0
SVM_Linear,0.4305239179954442,1.0
SVM_Linear,0.43101482326111745,1.0
SVM_Linear,0.4315068493150685,1.0
SVM_Linear,0.432,1.0
SVM_Linear,0.43249427917620137,1.0
SVM_Linear,0.4329896907216495,1.0
SVM_Linear,0.4334862385321101,1.0
SVM_Linear,0.43398392652123996,1.0
SVM_Linear,0.43448275862068964,1.0
SVM_Linear,0.43498273878020716,1.0
SVM_Linear,0.43548387096774194,1.0
SVM_Linear,0.4359861591695502,1.0
SVM_Linear,0.43648960739030024,1.0
SVM_Linear,0.4369942196531792,1.0
SVM_Linear,0.4375,1.0
SVM_Linear,0.4380069524913094,1.0
SVM_Linear,0.4385150812064965,1.0
SVM_Linear,0.43902439024390244,1.0
SVM_Linear,0.43953488372093025,1.0
SVM_Linear,0.440046565774156,1.0
SVM_Linear,0.4405594405594406,1.0
SVM_Linear,0.441073512252042,1.0
SVM_Linear,0.441588785046729,1.0
SVM_Linear,0.4421052631578947,1.0
SVM_Linear,0.4426229508196721,1.0
SVM_Linear,0.44314185228604924,1.0
SVM_Linear,0.44366197183098594,1.0
SVM_Linear,0.44418331374853115,1.0
SVM_Linear,0.4447058823529412,1.0
SVM_Linear,0.4452296819787986,1.0
SVM_Linear,0.44575471698113206,1.0
SVM_Linear,0.4462809917355372,1.0
SVM_Linear,0.44680851063829785,1.0
SVM_Linear,0.44733727810650886,1.0
SVM_Linear,0.44786729857819907,1.0
SVM_Linear,0.4483985765124555,1.0
SVM_Linear,0.4489311163895487,1.0
SVM_Linear,0.44946492271105826,1.0
SVM_Linear,0.45,1.0
SVM_Linear,0.4505363528009535,1.0
SVM_Linear,0.4510739856801909,1.0
SVM_Linear,0.45161290322580644,1.0
SVM_Linear,0.45215311004784686,1.0
SVM_Linear,0.45269461077844314,1.0
SVM_Linear,0.45323741007194246,1.0
SVM_Linear,0.453781512605042,1.0
SVM_Linear,0.4543269230769231,1.0
SVM_Linear,0.4548736462093863,1.0
SVM_Linear,0.45542168674698796,1.0
SVM_Linear,0.4559710494571773,1.0
SVM_Linear,0.45652173913043476,1.0
SVM_Linear,0.4570737605804111,1.0
SVM_Linear,0.4576271186440678,1.0
SVM_Linear,0.4581818181818182,1.0
SVM_Linear,0.4587378640776699,1.0
SVM_Linear,0.45929526123936815,1.0
SVM_Linear,0.45985401459854014,1.0
SVM_Linear,0.46041412911084045,1.0
SVM_Linear,0.4609756097560976,1.0
SVM_Linear,0.46153846153846156,1.0
SVM_Linear,0.4621026894865526,1.0
SVM_Linear,0.46266829865361075,1.0
SVM_Linear,0.4632352941176471,1.0
SVM_Linear,0.4638036809815951,1.0
SVM_Linear,0.4643734643734644,1.0
SVM_Linear,0.46494464944649444,1.0
SVM_Linear,0.46551724137931033,1.0
SVM_Linear,0.46609124537607893,1.0
SVM_Linear,0.4666666666666667,1.0
SVM_Linear,0.4672435105067985,1.0
SVM_Linear,0.46782178217821785,1.0
SVM_Linear,0.4684014869888476,1.0
SVM_Linear,0.46898263027295284,1.0
SVM_Linear,0.46956521739130436,1.0
SVM_Linear,0.4701492537313433,1.0
SVM_Linear,0.47073474470734744,1.0
SVM_Linear,0.4713216957605985,1.0
SVM_Linear,0.47191011235955055,1.0
SVM_Linear,0.4725,1.0
SVM_Linear,0.47309136420525655,1.0
SVM_Linear,0.47368421052631576,1.0
SVM_Linear,0.4742785445420326,1.0
SVM_Linear,0.4748743718592965,1.0
SVM_Linear,0.47547169811320755,1.0
SVM_Linear,0.4760705289672544,1.0
SVM_Linear,0.4766708701134931,1.0
SVM_Linear,0.4772727272727273,1.0
SVM_Linear,0.4778761061946903,1.0
SVM_Linear,0.47848101265822784,1.0
SVM_Linear,0.4790874524714829,1.0
SVM_Linear,0.4796954314720812,1.0
SVM_Linear,0.48030495552731894,1.0
SVM_Linear,0.48091603053435117,1.0
SVM_Linear,0.48152866242038217,1.0
SVM_Linear,0.48214285714285715,1.0
SVM_Linear,0.4827586206896552,1.0
SVM_Linear,0.4833759590792839,1.0
SVM_Linear,0.4839948783610755,1.0
SVM_Linear,0.4846153846153846,1.0
SVM_Linear,0.4852374839537869,1.0
SVM_Linear,0.48586118251928023,1.0
SVM_Linear,0.4864864864864865,1.0
SVM_Linear,0.48711340206185566,1.0
SVM_Linear,0.48774193548387096,1.0
SVM_Linear,0.4883720930232558,1.0
SVM_Linear,0.4890038809831824,1.0
SVM_Linear,0.4896373056994819,1.0
SVM_Linear,0.490272373540856,1.0
SVM_Linear,0.4909090909090909,1.0
SVM_Linear,0.49154746423927176,1.0
SVM_Linear,0.4921875,1.0
SVM_Linear,0.49282920469361147,1.0
SVM_Linear,0.4934725848563969,1.0
SVM_Linear,0.49411764705882355,1.0
SVM_Linear,0.49476439790575916,1.0
SVM_Linear,0.4954128440366973,1.0
SVM_Linear,0.49606299212598426,1.0
SVM_Linear,0.4967148488830486,1.0
SVM_Linear,0.49736842105263157,1.0
SVM_Linear,0.4980237154150198,1.0
SVM_Linear,0.49868073878627966,1.0
SVM_Linear,0.49933949801849403,1.0
SVM_Linear,0.5,1.0
SVM_Linear,0.5006622516556292,1.0
SVM_Linear,0.5013262599469496,1.0
SVM_Linear,0.50199203187251,1.0
SVM_Linear,0.5026595744680851,1.0
SVM_Linear,0.5033288948069241,1.0
SVM_Linear,0.504,1.0
SVM_Linear,0.5046728971962616,1.0
SVM_Linear,0.5053475935828877,1.0
SVM_Linear,0.5060240963855421,1.0
SVM_Linear,0.5067024128686327,1.0
SVM_Linear,0.5073825503355704,1.0
SVM_Linear,0.5080645161290323,1.0
SVM_Linear,0.5087483176312247,1.0
SVM_Linear,0.5094339622641509,1.0
SVM_Linear,0.5101214574898786,1.0
SVM_Linear,0.5108108108108108,1.0
SVM_Linear,0.5115020297699594,1.0
SVM_Linear,0.5121951219512195,1.0
SVM_Linear,0.5128900949796472,1.0
SVM_Linear,0.5135869565217391,1.0
SVM_Linear,0.5142857142857142,1.0
SVM_Linear,0.5149863760217984,1.0
SVM_Linear,0.5156889495225102,1.0
SVM_Linear,0.5163934426229508,1.0
SVM_Linear,0.5170998632010944,1.0
SVM_Linear,0.5178082191780822,1.0
SVM_Linear,0.5185185185185185,1.0
SVM_Linear,0.5192307692307693,1.0
SVM_Linear,0.5199449793672627,1.0
SVM_Linear,0.5206611570247934,1.0
SVM_Linear,0.5213793103448275,1.0
SVM_Linear,0.5220994475138122,1.0
SVM_Linear,0.5228215767634855,1.0
SVM_Linear,0.5235457063711911,1.0
SVM_Linear,0.5242718446601942,1.0
SVM_Linear,0.525,1.0
SVM_Linear,0.5257301808066759,1.0
SVM_Linear,0.5264623955431755,1.0
SVM_Linear,0.5271966527196653,1.0
SVM_Linear,0.5279329608938548,1.0
SVM_Linear,0.5286713286713287,1.0
SVM_Linear,0.5294117647058824,1.0
SVM_Linear,0.5301542776998598,1.0
SVM_Linear,0.5308988764044944,1.0
SVM_Linear,0.5316455696202531,1.0
SVM_Linear,0.532394366197183,1.0
SVM_Linear,0.5331452750352609,1.0
SVM_Linear,0.5338983050847458,1.0
SVM_Linear,0.5346534653465347,1.0
SVM_Linear,0.5354107648725213,1.0
SVM_Linear,0.5361702127659574,1.0
SVM_Linear,0.5369318181818182,1.0
SVM_Linear,0.5376955903271693,1.0
SVM_Linear,0.5384615384615384,1.0
SVM_Linear,0.5392296718972895,1.0
SVM_Linear,0.54,1.0
SVM_Linear,0.5407725321888412,1.0
SVM_Linear,0.5415472779369628,1.0
SVM_Linear,0.5423242467718795,1.0
SVM_Linear,0.5431034482758621,1.0
SVM_Linear,0.543884892086331,1.0
SVM_Linear,0.5446685878962536,1.0
SVM_Linear,0.5454545454545454,1.0
SVM_Linear,0.546242774566474,1.0
SVM_Linear,0.5470332850940666,1.0
SVM_Linear,0.5478260869565217,1.0
SVM_Linear,0.548621190130624,1.0
SVM_Linear,0.5494186046511628,1.0
SVM_Linear,0.5502183406113537,1.0
SVM_Linear,0.5510204081632653,1.0
SVM_Linear,0.5518248175182482,1.0
SVM_Linear,0.5526315789473685,1.0
SVM_Linear,0.5534407027818448,1.0
SVM_Linear,0.5542521994134897,1.0
SVM_Linear,0.5550660792951542,1.0
SVM_Linear,0.5558823529411765,1.0
SVM_Linear,0.5567010309278351,1.0
SVM_Linear,0.5575221238938053,1.0
SVM_Linear,0.5583456425406204,1.0
SVM_Linear,0.5591715976331361,1.0
SVM_Linear,0.56,1.0
SVM_Linear,0.5608308605341247,1.0
SVM_Linear,0.5616641901931649,1.0
SVM_Linear,0.5625,1.0
SVM_Linear,0.563338301043219,1.0
SVM_Linear,0.564179104477612,1.0
SVM_Linear,0.5650224215246636,1.0
SVM_Linear,0.5658682634730539,1.0
SVM_Linear,0.5667166416791605,1.0
SVM_Linear,0.5675675675675675,1.0
SVM_Linear,0.5684210526315789,1.0
SVM_Linear,0.5692771084337349,1.0
SVM_Linear,0.5701357466063348,1.0
SVM_Linear,0.5709969788519638,1.0
SVM_Linear,0.5718608169440242,1.0
SVM_Linear,0.5727272727272728,1.0
SVM_Linear,0.5735963581183612,1.0
SVM_Linear,0.574468085106383,1.0
SVM_Linear,0.5753424657534246,1.0
SVM_Linear,0.5762195121951219,1.0
SVM_Linear,0.5770992366412214,1.0
SVM_Linear,0.5779816513761468,1.0
SVM_Linear,0.5788667687595712,1.0
SVM_Linear,0.5797546012269938,1.0
SVM_Linear,0.5806451612903226,1.0
SVM_Linear,0.5815384615384616,1.0
SVM_Linear,0.5824345146379045,1.0
SVM_Linear,0.5833333333333334,1.0
SVM_Linear,0.5842349304482226,1.0
SVM_Linear,0.5851393188854489,1.0
SVM_Linear,0.586046511627907,1.0
SVM_Linear,0.5869565217391305,1.0
SVM_Linear,0.5878693623639192,1.0
SVM_Linear,0.5887850467289719,1.0
SVM_Linear,0.5897035881435257,1.0
SVM_Linear,0.590625,1.0
SVM_Linear,0.5915492957746479,1.0
SVM_Linear,0.5924764890282131,1.0
SVM_Linear,0.5934065934065934,1.0
SVM_Linear,0.5943396226415094,1.0
SVM_Linear,0.5952755905511811,1.0
SVM_Linear,0.5962145110410094,1.0
SVM_Linear,0.5971563981042654,1.0
SVM_Linear,0.5981012658227848,1.0
SVM_Linear,0.5990491283676703,1.0
SVM_Linear,0.6,1.0
SVM_Linear,0.6009538950715422,1.0
SVM_Linear,0.6019108280254777,1.0
SVM_Linear,0.6028708133971292,1.0
SVM_Linear,0.6038338658146964,1.0
SVM_Linear,0.6048,1.0
SVM_Linear,0.6057692307692307,1.0
SVM_Linear,0.6067415730337079,1.0
SVM_Linear,0.6077170418006431,1.0
SVM_Linear,0.6086956521739131,1.0
SVM_Linear,0.6096774193548387,1.0
SVM_Linear,0.6106623586429726,1.0
SVM_Linear,0.6116504854368932,1.0
SVM_Linear,0.6126418152350082,1.0
SVM_Linear,0.6136363636363636,1.0
SVM_Linear,0.6146341463414634,1.0
SVM_Linear,0.6156351791530945,1.0
SVM_Linear,0.6166394779771615,1.0
SVM_Linear,0.6176470588235294,1.0
SVM_Linear,0.618657937806874,1.0
SVM_Linear,0.6196721311475409,1.0
SVM_Linear,0.6206896551724138,1.0
SVM_Linear,0.6217105263157895,1.0
SVM_Linear,0.6227347611202636,1.0
SVM_Linear,0.6237623762376238,1.0
SVM_Linear,0.6247933884297521,1.0
SVM_Linear,0.6258278145695364,1.0
SVM_Linear,0.6268656716417911,1.0
SVM_Linear,0.627906976744186,1.0
SVM_Linear,0.6289517470881864,1.0
SVM_Linear,0.63,1.0
SVM_Linear,0.6310517529215359,1.0
SVM_Linear,0.6321070234113713,1.0
SVM_Linear,0.6331658291457286,1.0
SVM_Linear,0.6342281879194631,1.0
SVM_Linear,0.6352941176470588,1.0
SVM_Linear,0.6363636363636364,1.0
SVM_Linear,0.6374367622259697,1.0
SVM_Linear,0.6385135135135135,1.0
SVM_Linear,0.6395939086294417,1.0
SVM_Linear,0.6406779661016949,1.0
SVM_Linear,0.6417657045840407,1.0
SVM_Linear,0.6428571428571429,1.0
SVM_Linear,0.6439522998296422,1.0
SVM_Linear,0.6450511945392492,1.0
SVM_Linear,0.6461538461538462,1.0
SVM_Linear,0.6472602739726028,1.0
SVM_Linear,0.6483704974271012,1.0
SVM_Linear,0.6494845360824743,1.0
SVM_Linear,0.6506024096385542,1.0
SVM_Linear,0.6517241379310345,1.0
SVM_Linear,0.6528497409326425,1.0
SVM_Linear,0.6539792387543253,1.0
SVM_Linear,0.6551126516464472,1.0
SVM_Linear,0.65625,1.0
SVM_Linear,0.6573913043478261,1.0
SVM_Linear,0.6585365853658537,1.0
SVM_Linear,0.6596858638743456,1.0
SVM_Linear,0.6608391608391608,1.0
SVM_Linear,0.6619964973730298,1.0
SVM_Linear,0.6631578947368421,1.0
SVM_Linear,0.664323374340949,1.0
SVM_Linear,0.6654929577464789,1.0
SVM_Linear,0.6666666666666666,1.0
SVM_Linear,0.6678445229681979,1.0
SVM_Linear,0.6690265486725664,1.0
SVM_Linear,0.6702127659574468,1.0
SVM_Linear,0.6714031971580817,1.0
SVM_Linear,0.6725978647686833,1.0
SVM_Linear,0.6737967914438503,1.0
SVM_Linear,0.675,1.0
SVM_Linear,0.6762075134168157,1.0
SVM_Linear,0.6774193548387096,1.0
SVM_Linear,0.6786355475763016,1.0
SVM_Linear,0.6798561151079137,1.0
SVM_Linear,0.6810810810810811,1.0
SVM_Linear,0.6823104693140795,1.0
SVM_Linear,0.6835443037974683,1.0
SVM_Linear,0.6847826086956522,1.0
SVM_Linear,0.6860254083484574,1.0
SVM_Linear,0.6872727272727273,1.0
SVM_Linear,0.6885245901639344,1.0
SVM_Linear,0.6897810218978102,1.0
SVM_Linear,0.6910420475319927,1.0
SVM_Linear,0.6923076923076923,1.0
SVM_Linear,0.6935779816513762,1.0
SVM_Linear,0.6948529411764706,1.0
SVM_Linear,0.6961325966850829,1.0
SVM_Linear,0.6974169741697417,1.0
SVM_Linear,0.6987060998151571,1.0
SVM_Linear,0.7,1.0
SVM_Linear,0.7012987012987013,1.0
SVM_Linear,0.7026022304832714,1.0
SVM_Linear,0.7039106145251397,1.0
SVM_Linear,0.7052238805970149,1.0
SVM_Linear,0.7065420560747664,1.0
SVM_Linear,0.7078651685393258,1.0
SVM_Linear,0.7091932457786116,1.0
SVM_Linear,0.7105263157894737,1.0
SVM_Linear,0.711864406779661,1.0
SVM_Linear,0.7132075471698113,1.0
SVM_Linear,0.7145557655954632,1.0
SVM_Linear,0.7159090909090909,1.0
SVM_Linear,0.7172675521821632,1.0
SVM_Linear,0.7186311787072244,1.0
SVM_Linear,0.72,1.0
SVM_Linear,0.7213740458015268,1.0
SVM_Linear,0.722753346080306,1.0
SVM_Linear,0.7241379310344828,1.0
SVM_Linear,0.72552783109405,1.0
SVM_Linear,0.7269230769230769,1.0
SVM_Linear,0.7283236994219653,1.0
SVM_Linear,0.7297297297297297,1.0
SVM_Linear,0.7311411992263056,1.0
SVM_Linear,0.7325581395348837,1.0
SVM_Linear,0.7339805825242719,1.0
SVM_Linear,0.7354085603112841,1.0
SVM_Linear,0.7368421052631579,1.0
SVM_Linear,0.73828125,1.0
SVM_Linear,0.7397260273972602,1.0
SVM_Linear,0.7411764705882353,1.0
SVM_Linear,0.7426326129666012,1.0
SVM_Linear,0.7440944881889764,1.0
SVM_Linear,0.7455621301775148,1.0
SVM_Linear,0.7470355731225297,1.0
SVM_Linear,0.7485148514851485,1.0
SVM_Linear,0.75,1.0
SVM_Linear,0.7514910536779325,1.0
SVM_Linear,0.7529880478087649,1.0
SVM_Linear,0.7544910179640718,1.0
SVM_Linear,0.756,1.0
SVM_Linear,0.7575150300601202,1.0
SVM_Linear,0.7590361445783133,1.0
SVM_Linear,0.7605633802816901,1.0
SVM_Linear,0.7620967741935484,1.0
SVM_Linear,0.7636363636363637,1.0
SVM_Linear,0.7651821862348178,1.0
SVM_Linear,0.7667342799188641,1.0
SVM_Linear,0.7682926829268293,1.0
SVM_Linear,0.769857433808554,1.0
SVM_Linear,0.7714285714285715,1.0
SVM_Linear,0.7730061349693251,1.0
SVM_Linear,0.7745901639344263,1.0
SVM_Linear,0.7761806981519507,1.0
SVM_Linear,0.7777777777777778,1.0
SVM_Linear,0.7793814432989691,1.0
SVM_Linear,0.78099173553719,1.0
SVM_Linear,0.782608695652174,1.0
SVM_Linear,0.7842323651452282,1.0
SVM_Linear,0.7858627858627859,1.0
SVM_Linear,0.7875,1.0
SVM_Linear,0.7891440501043842,1.0
SVM_Linear,0.7907949790794979,1.0
SVM_Linear,0.7924528301886793,1.0
SVM_Linear,0.7941176470588235,1.0
SVM_Linear,0.7957894736842105,1.0
SVM_Linear,0.7974683544303798,1.0
SVM_Linear,0.7991543340380549,1.0
SVM_Linear,0.8008474576271186,1.0
SVM_Linear,0.802547770700637,1.0
SVM_Linear,0.8042553191489362,1.0
SVM_Linear,0.8059701492537313,1.0
SVM_Linear,0.8076923076923077,1.0
SVM_Linear,0.8094218415417559,1.0
SVM_Linear,0.8111587982832618,1.0
SVM_Linear,0.8129032258064516,1.0
SVM_Linear,0.8146551724137931,1.0
SVM_Linear,0.816414686825054,1.0
SVM_Linear,0.8181818181818182,1.0
SVM_Linear,0.8199566160520607,1.0
SVM_Linear,0.8217391304347826,1.0
SVM_Linear,0.8235294117647058,1.0
SVM_Linear,0.8253275109170306,1.0
SVM_Linear,0.8271334792122538,1.0
SVM_Linear,0.8289473684210527,1.0
SVM_Linear,0.8307692307692308,1.0
SVM_Linear,0.8325991189427313,1.0
SVM_Linear,0.8344370860927153,1.0
SVM_Linear,0.8362831858407079,1.0
SVM_Linear,0.8381374722838137,1.0
SVM_Linear,0.84,1.0
SVM_Linear,0.8418708240534521,1.0
SVM_Linear,0.84375,1.0
SVM_Linear,0.8456375838926175,1.0
SVM_Linear,0.8475336322869955,1.0
SVM_Linear,0.849438202247191,1.0
SVM_Linear,0.8513513513513513,1.0
SVM_Linear,0.8532731376975169,1.0
SVM_Linear,0.8552036199095022,1.0
SVM_Linear,0.8571428571428571,1.0
SVM_Linear,0.8590909090909091,1.0
SVM_Linear,0.8610478359908884,1.0
SVM_Linear,0.863013698630137,1.0
SVM_Linear,0.8649885583524027,1.0
SVM_Linear,0.8669724770642202,1.0
SVM_Linear,0.8689655172413793,1.0
SVM_Linear,0.8709677419354839,1.0
SVM_Linear,0.8729792147806005,1.0
SVM_Linear,0.875,1.0
SVM_Linear,0.877030162412993,1.0
SVM_Linear,0.8790697674418605,1.0
SVM_Linear,0.8811188811188811,1.0
SVM_Linear,0.883177570093458,1.0
SVM_Linear,0.8852459016393442,1.0
SVM_Linear,0.8873239436619719,1.0
SVM_Linear,0.8894117647058823,1.0
SVM_Linear,0.8915094339622641,1.0
SVM_Linear,0.8936170212765957,1.0
SVM_Linear,0.8957345971563981,1.0
SVM_Linear,0.8978622327790974,1.0
SVM_Linear,0.9,1.0
SVM_Linear,0.9021479713603818,1.0
SVM_Linear,0.9043062200956937,1.0
SVM_Linear,0.9064748201438849,1.0
SVM_Linear,0.9086538461538461,1.0
SVM_Linear,0.9108433734939759,1.0
SVM_Linear,0.9130434782608695,1.0
SVM_Linear,0.9152542372881356,1.0
SVM_Linear,0.9174757281553398,1.0
SVM_Linear,0.9197080291970803,1.0
SVM_Linear,0.9219512195121952,1.0
SVM_Linear,0.9242053789731052,1.0
SVM_Linear,0.9264705882352942,1.0
SVM_Linear,0.9287469287469288,1.0
SVM_Linear,0.9310344827586207,1.0
SVM_Linear,0.9333333333333333,1.0
SVM_Linear,0.9356435643564357,1.0
SVM_Linear,0.9379652605459057,1.0
SVM_Linear,0.9402985074626866,1.0
SVM_Linear,0.942643391521197,1.0
SVM_Linear,0.945,1.0
SVM_Linear,0.9473684210526315,1.0
SVM_Linear,0.949748743718593,1.0
SVM_Linear,0.9521410579345088,1.0
SVM_Linear,0.9545454545454546,1.0
SVM_Linear,0.9569620253164557,1.0
SVM_Linear,0.9593908629441624,1.0
SVM_Linear,0.9618320610687023,1.0
SVM_Linear,0.9642857142857143,1.0
SVM_Linear,0.9667519181585678,1.0
SVM_Linear,0.9692307692307692,1.0
SVM_Linear,0.9717223650385605,1.0
SVM_Linear,0.9716494845360825,0.9973544973544973
SVM_Linear,0.9715762273901809,0.9947089947089947
SVM_Linear,0.9740932642487047,0.9947089947089947
SVM_Linear,0.9766233766233766,0.9947089947089947
SVM_Linear,0.9791666666666666,0.9947089947089947
SVM_Linear,0.97911227154047,0.9920634920634921
SVM_Linear,0.981675392670157,0.9920634920634921
SVM_Linear,0.984251968503937,0.9920634920634921
SVM_Linear,0.9842105263157894,0.9894179894179894
SVM_Linear,0.9868073878627969,0.9894179894179894
SVM_Linear,0.9867724867724867,0.9867724867724867
SVM_Linear,0.9893899204244032,0.9867724867724867
SVM_Linear,0.9893617021276596,0.9841269841269841
SVM_Linear,0.992,0.9841269841269841
SVM_Linear,0.9919786096256684,0.9814814814814815
SVM_Linear,0.9919571045576407,0.9788359788359788
SVM_Linear,0.9919354838709677,0.9761904761904762
SVM_Linear,0.9919137466307277,0.9735449735449735
SVM_Linear,0.9945945945945946,0.9735449735449735
SVM_Linear,0.994579945799458,0.9708994708994709
SVM_Linear,0.9945652173913043,0.9682539682539683
SVM_Linear,0.9945504087193461,0.9656084656084656
SVM_Linear,0.994535519125683,0.9629629629629629
SVM_Linear,0.9945205479452055,0.9603174603174603
SVM_Linear,0.9945054945054945,0.9576719576719577
SVM_Linear,0.9944903581267218,0.955026455026455
SVM_Linear,0.994475138121547,0.9523809523809523
SVM_Linear,0.9944598337950139,0.9497354497354498
SVM_Linear,0.9944444444444445,0.9470899470899471
SVM_Linear,0.994413407821229,0.9417989417989417
SVM_Linear,0.9943977591036415,0.9391534391534392
SVM_Linear,0.9943820224719101,0.9365079365079365
SVM_Linear,0.9943661971830986,0.9338624338624338
SVM_Linear,0.9943502824858758,0.9312169312169312
SVM_Linear,0.9943342776203966,0.9285714285714286
SVM_Linear,0.9943181818181818,0.9259259259259259
SVM_Linear,0.9943019943019943,0.9232804232804233
SVM_Linear,0.9942857142857143,0.9206349206349206
SVM_Linear,0.994269340974212,0.917989417989418
SVM_Linear,0.9942528735632183,0.9153439153439153
SVM_Linear,0.9942363112391931,0.9126984126984127
SVM_Linear,0.9942196531791907,0.91005291005291
SVM_Linear,0.9942028985507246,0.9074074074074074
SVM_Linear,0.9941860465116279,0.9047619047619048
SVM_Linear,0.9941690962099126,0.9021164021164021
SVM_Linear,0.9941520467836257,0.8994708994708994
SVM_Linear,0.9941348973607038,0.8968253968253969
SVM_Linear,0.9941176470588236,0.8941798941798942
SVM_Linear,0.9941002949852508,0.8915343915343915
SVM_Linear,0.9940828402366864,0.8888888888888888
SVM_Linear,0.9940652818991098,0.8862433862433863
SVM_Linear,0.9940476190476191,0.8835978835978836
SVM_Linear,0.9940298507462687,0.8809523809523809
SVM_Linear,0.9940119760479041,0.8783068783068783
SVM_Linear,0.993993993993994,0.8756613756613757
SVM_Linear,0.9939759036144579,0.873015873015873
SVM_Linear,0.9939577039274925,0.8703703703703703
SVM_Linear,0.9939393939393939,0.8677248677248677
SVM_Linear,0.993920972644377,0.8650793650793651
SVM_Linear,0.9939024390243902,0.8624338624338624
SVM_Linear,0.9938837920489296,0.8597883597883598
SVM_Linear,0.9938650306748467,0.8571428571428571
SVM_Linear,0.9938461538461538,0.8544973544973545
SVM_Linear,0.9938271604938271,0.8518518518518519
SVM_Linear,0.9938080495356038,0.8492063492063492
SVM_Linear,0.9937888198757764,0.8465608465608465
SVM_Linear,0.9937304075235109,0.8386243386243386
SVM_Linear,0.9937106918238994,0.8359788359788359
SVM_Linear,0.9936908517350158,0.8333333333333334
SVM_Linear,0.9936708860759493,0.8306878306878307
SVM_Linear,0.9936507936507937,0.828042328042328
SVM_Linear,0.9936305732484076,0.8253968253968254
SVM_Linear,0.9936102236421726,0.8227513227513228
SVM_Linear,0.9935897435897436,0.8201058201058201
SVM_Linear,0.9935691318327974,0.8174603174603174
SVM_Linear,0.9935483870967742,0.8148148148148148
SVM_Linear,0.9935275080906149,0.8121693121693122
SVM_Linear,0.9935064935064936,0.8095238095238095
SVM_Linear,0.993485342019544,0.8068783068783069
SVM_Linear,0.9934640522875817,0.8042328042328042
SVM_Linear,0.9934426229508196,0.8015873015873016
SVM_Linear,0.993421052631579,0.798941798941799
SVM_Linear,0.9933993399339934,0.7962962962962963
SVM_Linear,0.9933774834437086,0.7936507936507936
SVM_Linear,0.9933554817275747,0.791005291005291
SVM_Linear,0.9933333333333333,0.7883597883597884
SVM_Linear,0.9933110367892977,0.7857142857142857
SVM_Linear,0.9932885906040269,0.783068783068783
SVM_Linear,0.9932659932659933,0.7804232804232805
SVM_Linear,0.9932432432432432,0.7777777777777778
SVM_Linear,0.9932203389830508,0.7751322751322751
SVM_Linear,0.9931972789115646,0.7724867724867724
SVM_Linear,0.9931740614334471,0.7698412698412699
SVM_Linear,0.9931506849315068,0.7671957671957672
SVM_Linear,0.993127147766323,0.7645502645502645
SVM_Linear,0.993103448275862,0.7619047619047619
SVM_Linear,0.9930795847750865,0.7592592592592593
SVM_Linear,0.9930555555555556,0.7566137566137566
SVM_Linear,0.9930313588850174,0.753968253968254
SVM_Linear,0.993006993006993,0.7513227513227513
SVM_Linear,0.9929824561403509,0.7486772486772487
SVM_Linear,0.9929577464788732,0.746031746031746
SVM_Linear,0.9929328621908127,0.7433862433862434
SVM_Linear,0.9929078014184397,0.7407407407407407
SVM_Linear,0.99644128113879,0.7407407407407407
SVM_Linear,0.9964285714285714,0.7380952380952381
SVM_Linear,0.996415770609319,0.7354497354497355
SVM_Linear,0.9964028776978417,0.7328042328042328
SVM_Linear,0.9963898916967509,0.7301587301587301
SVM_Linear,0.9963768115942029,0.7275132275132276
SVM_Linear,0.9963636363636363,0.7248677248677249
SVM_Linear,0.9963503649635036,0.7222222222222222
SVM_Linear,0.9963369963369964,0.7195767195767195
SVM_Linear,0.9963235294117647,0.716931216931217
SVM_Linear,0.996309963099631,0.7142857142857143
SVM_Linear,0.9962962962962963,0.7116402116402116
SVM_Linear,0.9962825278810409,0.708994708994709
SVM_Linear,0.996268656716418,0.7063492063492064
SVM_Linear,0.9962546816479401,0.7037037037037037
SVM_Linear,0.9962406015037594,0.701058201058201
SVM_Linear,0.9962264150943396,0.6984126984126984
SVM_Linear,0.9962121212121212,0.6957671957671958
SVM_Linear,0.9961977186311787,0.6931216931216931
SVM_Linear,0.9961832061068703,0.6904761904761905
SVM_Linear,0.9961685823754789,0.6878306878306878
SVM_Linear,0.9961538461538462,0.6851851851851852
SVM_Linear,0.9961389961389961,0.6825396825396826
SVM_Linear,0.9961240310077519,0.6798941798941799
SVM_Linear,0.9961089494163424,0.6772486772486772
SVM_Linear,0.99609375,0.6746031746031746
SVM_Linear,0.996078431372549,0.671957671957672
SVM_Linear,0.9960629921259843,0.6693121693121693
SVM_Linear,0.9960474308300395,0.6666666666666666
SVM_Linear,0.996031746031746,0.6640211640211641
SVM_Linear,0.9960159362549801,0.6613756613756614
SVM_Linear,0.996,0.6587301587301587
SVM_Linear,0.9959839357429718,0.656084656084656
SVM_Linear,0.9959677419354839,0.6534391534391535
SVM_Linear,0.9959514170040485,0.6507936507936508
SVM_Linear,0.9959349593495935,0.6481481481481481
SVM_Linear,0.9959183673469387,0.6455026455026455
SVM_Linear,0.9959016393442623,0.6428571428571429
SVM_Linear,0.9958847736625515,0.6402116402116402
SVM_Linear,1.0,0.6402116402116402
SVM_Linear,1.0,0.6375661375661376
SVM_Linear,1.0,0.6349206349206349
SVM_Linear,1.0,0.6322751322751323
SVM_Linear,1.0,0.6296296296296297
SVM_Linear,1.0,0.626984126984127
SVM_Linear,1.0,0.6243386243386243
SVM_Linear,1.0,0.6216931216931217
SVM_Linear,1.0,0.6190476190476191
SVM_Linear,1.0,0.6164021164021164
SVM_Linear,1.0,0.6137566137566137
SVM_Linear,1.0,0.6111111111111112
SVM_Linear,1.0,0.6084656084656085
SVM_Linear,1.0,0.6058201058201058
SVM_Linear,1.0,0.6031746031746031
SVM_Linear,1.0,0.6005291005291006
SVM_Linear,1.0,0.5978835978835979
SVM_Linear,1.0,0.5952380952380952
SVM_Linear,1.0,0.5925925925925926
SVM_Linear,1.0,0.58994708994709
SVM_Linear,1.0,0.5873015873015873
SVM_Linear,1.0,0.5846560846560847
SVM_Linear,1.0,0.582010582010582
SVM_Linear,1.0,0.5793650793650794
SVM_Linear,1.0,0.5767195767195767
SVM_Linear,1.0,0.5740740740740741
SVM_Linear,1.0,0.5714285714285714
SVM_Linear,1.0,0.5687830687830688
SVM_Linear,1.0,0.5661375661375662
SVM_Linear,1.0,0.5634920634920635
SVM_Linear,1.0,0.5608465608465608
SVM_Linear,1.0,0.5582010582010583
SVM_Linear,1.0,0.5555555555555556
SVM_Linear,1.0,0.5529100529100529
SVM_Linear,1.0,0.5502645502645502
SVM_Linear,1.0,0.5476190476190477
SVM_Linear,1.0,0.544973544973545
SVM_Linear,1.0,0.5423280423280423
SVM_Linear,1.0,0.5396825396825397
SVM_Linear,1.0,0.5370370370370371
SVM_Linear,1.0,0.5343915343915344
SVM_Linear,1.0,0.5317460317460317
SVM_Linear,1.0,0.5291005291005291
SVM_Linear,1.0,0.5264550264550265
SVM_Linear,1.0,0.5238095238095238
SVM_Linear,1.0,0.5211640211640212
SVM_Linear,1.0,0.5185185185185185
SVM_Linear,1.0,0.5158730158730159
SVM_Linear,1.0,0.5132275132275133
SVM_Linear,1.0,0.5105820105820106
SVM_Linear,1.0,0.5079365079365079
SVM_Linear,1.0,0.5052910052910053
SVM_Linear,1.0,0.5026455026455027
SVM_Linear,1.0,0.5
SVM_Linear,1.0,0.4973544973544973
SVM_Linear,1.0,0.4947089947089947
SVM_Linear,1.0,0.49206349206349204
SVM_Linear,1.0,0.4894179894179894
SVM_Linear,1.0,0.48677248677248675
SVM_Linear,1.0,0.48412698412698413
SVM_Linear,1.0,0.48148148148148145
SVM_Linear,1.0,0.47883597883597884
SVM_Linear,1.0,0.47619047619047616
SVM_Linear,1.0,0.47354497354497355
SVM_Linear,1.0,0.4708994708994709
SVM_Linear,1.0,0.46825396825396826
SVM_Linear,1.0,0.4656084656084656
SVM_Linear,1.0,0.46296296296296297
SVM_Linear,1.0,0.4603174603174603
SVM_Linear,1.0,0.4576719576719577
SVM_Linear,1.0,0.455026455026455
SVM_Linear,1.0,0.4523809523809524
SVM_Linear,1.0,0.4497354497354497
SVM_Linear,1.0,0.4470899470899471
SVM_Linear,1.0,0.4444444444444444
SVM_Linear,1.0,0.4417989417989418
SVM_Linear,1.0,0.43915343915343913
SVM_Linear,1.0,0.4365079365079365
SVM_Linear,1.0,0.43386243386243384
SVM_Linear,1.0,0.4312169312169312
SVM_Linear,1.0,0.42857142857142855
SVM_Linear,1.0,0.42592592592592593
SVM_Linear,1.0,0.42328042328042326
SVM_Linear,1.0,0.42063492063492064
SVM_Linear,1.0,0.41798941798941797
SVM_Linear,1.0,0.41534391534391535
SVM_Linear,1.0,0.4126984126984127
SVM_Linear,1.0,0.41005291005291006
SVM_Linear,1.0,0.4074074074074074
SVM_Linear,1.0,0.40476190476190477
SVM_Linear,1.0,0.4021164021164021
SVM_Linear,1.0,0.3994708994708995
SVM_Linear,1.0,0.3968253968253968
SVM_Linear,1.0,0.3941798941798942
SVM_Linear,1.0,0.3915343915343915
SVM_Linear,1.0,0.3888888888888889
SVM_Linear,1.0,0.3862433862433862
SVM_Linear,1.0,0.3835978835978836
SVM_Linear,1.0,0.38095238095238093
SVM_Linear,1.0,0.3783068783068783
SVM_Linear,1.0,0.37566137566137564
SVM_Linear,1.0,0.373015873015873
SVM_Linear,1.0,0.37037037037037035
SVM_Linear,1.0,0.36772486772486773
SVM_Linear,1.0,0.36507936507936506
SVM_Linear,1.0,0.36243386243386244
SVM_Linear,1.0,0.35978835978835977
SVM_Linear,1.0,0.35714285714285715
SVM_Linear,1.0,0.3544973544973545
SVM_Linear,1.0,0.35185185185185186
SVM_Linear,1.0,0.3492063492063492
SVM_Linear,1.0,0.34656084656084657
SVM_Linear,1.0,0.3439153439153439
SVM_Linear,1.0,0.3412698412698413
SVM_Linear,1.0,0.3386243386243386
SVM_Linear,1.0,0.335978835978836
SVM_Linear,1.0,0.3333333333333333
SVM_Linear,1.0,0.3306878306878307
SVM_Linear,1.0,0.328042328042328
SVM_Linear,1.0,0.3253968253968254
SVM_Linear,1.0,0.32275132275132273
SVM_Linear,1.0,0.3201058201058201
SVM_Linear,1.0,0.31746031746031744
SVM_Linear,1.0,0.3148148148148148
SVM_Linear,1.0,0.31216931216931215
SVM_Linear,1.0,0.30952380952380953
SVM_Linear,1.0,0.30687830687830686
SVM_Linear,1.0,0.30423280423280424
SVM_Linear,1.0,0.30158730158730157
SVM_Linear,1.0,0.29894179894179895
SVM_Linear,1.0,0.2962962962962963
SVM_Linear,1.0,0.29365079365079366
SVM_Linear,1.0,0.291005291005291
SVM_Linear,1.0,0.28835978835978837
SVM_Linear,1.0,0.2857142857142857
SVM_Linear,1.0,0.2830687830687831
SVM_Linear,1.0,0.2804232804232804
SVM_Linear,1.0,0.2777777777777778
SVM_Linear,1.0,0.2751322751322751
SVM_Linear,1.0,0.2724867724867725
SVM_Linear,1.0,0.2698412698412698
SVM_Linear,1.0,0.2671957671957672
SVM_Linear,1.0,0.26455026455026454
SVM_Linear,1.0,0.2619047619047619
SVM_Linear,1.0,0.25925925925925924
SVM_Linear,1.0,0.2566137566137566
SVM_Linear,1.0,0.25396825396825395
SVM_Linear,1.0,0.25132275132275134
SVM_Linear,1.0,0.24867724867724866
SVM_Linear,1.0,0.24603174603174602
SVM_Linear,1.0,0.24338624338624337
SVM_Linear,1.0,0.24074074074074073
SVM_Linear,1.0,0.23809523809523808
SVM_Linear,1.0,0.23544973544973544
SVM_Linear,1.0,0.2328042328042328
SVM_Linear,1.0,0.23015873015873015
SVM_Linear,1.0,0.2275132275132275
SVM_Linear,1.0,0.22486772486772486
SVM_Linear,1.0,0.2222222222222222
SVM_Linear,1.0,0.21957671957671956
SVM_Linear,1.0,0.21693121693121692
SVM_Linear,1.0,0.21428571428571427
SVM_Linear,1.0,0.21164021164021163
SVM_Linear,1.0,0.20899470899470898
SVM_Linear,1.0,0.20634920634920634
SVM_Linear,1.0,0.2037037037037037
SVM_Linear,1.0,0.20105820105820105
SVM_Linear,1.0,0.1984126984126984
SVM_Linear,1.0,0.19576719576719576
SVM_Linear,1.0,0.1931216931216931
SVM_Linear,1.0,0.19047619047619047
SVM_Linear,1.0,0.18783068783068782
SVM_Linear,1.0,0.18518518518518517
SVM_Linear,1.0,0.18253968253968253
SVM_Linear,1.0,0.17989417989417988
SVM_Linear,1.0,0.17724867724867724
SVM_Linear,1.0,0.1746031746031746
SVM_Linear,1.0,0.17195767195767195
SVM_Linear,1.0,0.1693121693121693
SVM_Linear,1.0,0.16666666666666666
SVM_Linear,1.0,0.164021164021164
SVM_Linear,1.0,0.16137566137566137
SVM_Linear,1.0,0.15873015873015872
SVM_Linear,1.0,0.15608465608465608
SVM_Linear,1.0,0.15343915343915343
SVM_Linear,1.0,0.15079365079365079
SVM_Linear,1.0,0.14814814814814814
SVM_Linear,1.0,0.1455026455026455
SVM_Linear,1.0,0.14285714285714285
SVM_Linear,1.0,0.1402116402116402
SVM_Linear,1.0,0.13756613756613756
SVM_Linear,1.0,0.1349206349206349
SVM_Linear,1.0,0.13227513227513227
SVM_Linear,1.0,0.12962962962962962
SVM_Linear,1.0,0.12698412698412698
SVM_Linear,1.0,0.12433862433862433
SVM_Linear,1.0,0.12169312169312169
SVM_Linear,1.0,0.11904761904761904
SVM_Linear,1.0,0.1164021164021164
SVM_Linear,1.0,0.11375661375661375
SVM_Linear,1.0,0.1111111111111111
SVM_Linear,1.0,0.10846560846560846
SVM_Linear,1.0,0.10582010582010581
SVM_Linear,1.0,0.10317460317460317
SVM_Linear,1.0,0.10052910052910052
SVM_Linear,1.0,0.09788359788359788
SVM_Linear,1.0,0.09523809523809523
SVM_Linear,1.0,0.09259259259259259
SVM_Linear,1.0,0.08994708994708994
SVM_Linear,1.0,0.0873015873015873
SVM_Linear,1.0,0.08465608465608465
SVM_Linear,1.0,0.082010582010582
SVM_Linear,1.0,0.07936507936507936
SVM_Linear,1.0,0.07671957671957672
SVM_Linear,1.0,0.07407407407407407
SVM_Linear,1.0,0.07142857142857142
SVM_Linear,1.0,0.06878306878306878
SVM_Linear,1.0,0.06613756613756613
SVM_Linear,1.0,0.06349206349206349
SVM_Linear,1.0,0.06084656084656084
SVM_Linear,1.0,0.0582010582010582
SVM_Linear,1.0,0.05555555555555555
SVM_Linear,1.0,0.05291005291005291
SVM_Linear,1.0,0.05026455026455026
SVM_Linear,1.0,0.047619047619047616
SVM_Linear,1.0,0.04497354497354497
SVM_Linear,1.0,0.042328042328042326
SVM_Linear,1.0,0.03968253968253968
SVM_Linear,1.0,0.037037037037037035
SVM_Linear,1.0,0.03439153439153439
SVM_Linear,1.0,0.031746031746031744
SVM_Linear,1.0,0.0291005291005291
SVM_Linear,1.0,0.026455026455026454
SVM_Linear,1.0,0.0
MultinomialNB,0.3129139072847682,1.0
MultinomialNB,0.3131731565865783,1.0
MultinomialNB,0.31343283582089554,1.0
MultinomialNB,0.3136929460580913,1.0
MultinomialNB,0.313953488372093,1.0
MultinomialNB,0.314214463840399,1.0
MultinomialNB,0.3144758735440932,1.0
MultinomialNB,0.3147377185678601,1.0
MultinomialNB,0.315,1.0
MultinomialNB,0.31526271893244373,1.0
MultinomialNB,0.31552587646076796,1.0
MultinomialNB,0.3157894736842105,1.0
MultinomialNB,0.31605351170568563,1.0
MultinomialNB,0.3163179916317992,1.0
MultinomialNB,0.3165829145728643,1.0
MultinomialNB,0.316848281642917,1.0
MultinomialNB,0.31711409395973156,1.0
MultinomialNB,0.31738035264483627,1.0
MultinomialNB,0.3176470588235294,1.0
MultinomialNB,0.31791421362489486,1.0
MultinomialNB,0.3181818181818182,1.0
MultinomialNB,0.3184498736310025,1.0
MultinomialNB,0.31871838111298484,1.0
MultinomialNB,0.3189873417721519,1.0
MultinomialNB,0.31925675675675674,1.0
MultinomialNB,0.31952662721893493,1.0
MultinomialNB,0.3197969543147208,1.0
MultinomialNB,0.32006773920406434,1.0
MultinomialNB,0.32033898305084746,1.0
MultinomialNB,0.32061068702290074,1.0
MultinomialNB,0.32088285229202035,1.0
MultinomialNB,0.3211554800339847,1.0
MultinomialNB,0.32142857142857145,1.0
MultinomialNB,0.32170212765957445,1.0
MultinomialNB,0.3219761499148211,1.0
MultinomialNB,0.32225063938618925,1.0
MultinomialNB,0.3225255972696246,1.0
MultinomialNB,0.322801024765158,1.0
MultinomialNB,0.3230769230769231,1.0
MultinomialNB,0.32335329341317365,1.0
MultinomialNB,0.3236301369863014,1.0
MultinomialNB,0.32390745501285345,1.0
MultinomialNB,0.3241852487135506,1.0
MultinomialNB,0.3244635193133047,1.0
MultinomialNB,0.3247422680412371,1.0
MultinomialNB,0.3250214961306965,1.0
MultinomialNB,0.3253012048192771,1.0
MultinomialNB,0.32558139534883723,1.0
MultinomialNB,0.3258620689655172,1.0
MultinomialNB,0.3261432269197584,1.0
MultinomialNB,0.32642487046632124,1.0
MultinomialNB,0.3267070008643042,1.0
MultinomialNB,0.32698961937716264,1.0
MultinomialNB,0.32727272727272727,1.0
MultinomialNB,0.3275563258232236,1.0
MultinomialNB,0.32784041630529054,1.0
MultinomialNB,0.328125,1.0
MultinomialNB,0.32841007819287577,1.0
MultinomialNB,0.32869565217391306,1.0
MultinomialNB,0.3289817232375979,1.0
MultinomialNB,0.32926829268292684,1.0
MultinomialNB,0.3295553618134263,1.0
MultinomialNB,0.3298429319371728,1.0
MultinomialNB,0.33013100436681225,1.0
MultinomialNB,0.3304195804195804,1.0
MultinomialNB,0.33070866141732286,1.0
MultinomialNB,0.3309982486865149,1.0
MultinomialNB,0.3312883435582822,1.0
MultinomialNB,0.33157894736842103,1.0
MultinomialNB,0.33187006145741876,1.0
MultinomialNB,0.3321616871704745,1.0
MultinomialNB,0.3324538258575198,1.0
MultinomialNB,0.33274647887323944,1.0
MultinomialNB,0.33303964757709253,1.0
MultinomialNB,0.3333333333333333,1.0
MultinomialNB,0.33362753751103263,1.0
MultinomialNB,0.3339222614840989,1.0
MultinomialNB,0.33421750663129973,1.0
MultinomialNB,0.3345132743362832,1.0
MultinomialNB,0.33480956598759964,1.0
MultinomialNB,0.3351063829787234,1.0
MultinomialNB,0.33540372670807456,1.0
MultinomialNB,0.33570159857904086,1.0
MultinomialNB,0.336,1.0
MultinomialNB,0.33629893238434166,1.0
MultinomialNB,0.3365983971504898,1.0
MultinomialNB,0.33689839572192515,1.0
MultinomialNB,0.33719892952720787,1.0
MultinomialNB,0.3375,1.0
MultinomialNB,0.3378016085790885,1.0
MultinomialNB,0.33810375670840787,1.0
MultinomialNB,0.3384064458370636,1.0
MultinomialNB,0.3387096774193548,1.0
MultinomialNB,0.33901345291479823,1.0
MultinomialNB,0.3393177737881508,1.0
MultinomialNB,0.33962264150943394,1.0
MultinomialNB,0.33992805755395683,1.0
MultinomialNB,0.3402340234023402,1.0
MultinomialNB,0.34054054054054056,1.0
MultinomialNB,0.3408476104598738,1.0
MultinomialNB,0.34115523465703973,1.0
MultinomialNB,0.34146341463414637,1.0
MultinomialNB,0.34177215189873417,1.0
MultinomialNB,0.3420814479638009,1.0
MultinomialNB,0.3423913043478261,1.0
MultinomialNB,0.34270172257479603,1.0
MultinomialNB,0.3430127041742287,1.0
MultinomialNB,0.34332425068119893,1.0
MultinomialNB,0.34363636363636363,1.0
MultinomialNB,0.34394904458598724,1.0
MultinomialNB,0.3442622950819672,1.0
MultinomialNB,0.3445761166818596,1.0
MultinomialNB,0.3448905109489051,1.0
MultinomialNB,0.3452054794520548,1.0
MultinomialNB,0.34552102376599636,1.0
MultinomialNB,0.3458371454711802,1.0
MultinomialNB,0.34615384615384615,1.0
MultinomialNB,0.3464711274060495,1.0
MultinomialNB,0.3467889908256881,1.0
MultinomialNB,0.34710743801652894,1.0
MultinomialNB,0.3474264705882353,1.0
MultinomialNB,0.34774609015639374,1.0
MultinomialNB,0.34806629834254144,1.0
MultinomialNB,0.34838709677419355,1.0
MultinomialNB,0.34870848708487084,1.0
MultinomialNB,0.3490304709141274,1.0
MultinomialNB,0.34935304990757854,1.0
MultinomialNB,0.34967622571692875,1.0
MultinomialNB,0.35,1.0
MultinomialNB,0.35032437442076,1.0
MultinomialNB,0.35064935064935066,1.0
MultinomialNB,0.35097493036211697,1.0
MultinomialNB,0.3513011152416357,1.0
MultinomialNB,0.3516279069767442,1.0
MultinomialNB,0.35195530726256985,1.0
MultinomialNB,0.35228331780055916,1.0
MultinomialNB,0.35261194029850745,1.0
MultinomialNB,0.35294117647058826,1.0
MultinomialNB,0.3532710280373832,1.0
MultinomialNB,0.35360149672591207,1.0
MultinomialNB,0.3539325842696629,1.0
MultinomialNB,0.3542642924086223,1.0
MultinomialNB,0.3545966228893058,1.0
MultinomialNB,0.35492957746478876,1.0
MultinomialNB,0.35526315789473684,1.0
MultinomialNB,0.35559736594543745,1.0
MultinomialNB,0.3559322033898305,1.0
MultinomialNB,0.35626767200754006,1.0
MultinomialNB,0.35660377358490564,1.0
MultinomialNB,0.35694050991501414,1.0
MultinomialNB,0.3572778827977316,1.0
MultinomialNB,0.3576158940397351,1.0
MultinomialNB,0.35795454545454547,1.0
MultinomialNB,0.3582938388625592,1.0
MultinomialNB,0.3586337760910816,1.0
MultinomialNB,0.358974358974359,1.0
MultinomialNB,0.3593155893536122,1.0
MultinomialNB,0.35965746907706947,1.0
MultinomialNB,0.36,1.0
MultinomialNB,0.3603431839847474,1.0
MultinomialNB,0.3606870229007634,1.0
MultinomialNB,0.36103151862464183,1.0
MultinomialNB,0.361376673040153,1.0
MultinomialNB,0.3617224880382775,1.0
MultinomialNB,0.3620689655172414,1.0
MultinomialNB,0.3624161073825503,1.0
MultinomialNB,0.362763915547025,1.0
MultinomialNB,0.3631123919308357,1.0
MultinomialNB,0.36346153846153845,1.0
MultinomialNB,0.3638113570741097,1.0
MultinomialNB,0.36416184971098264,1.0
MultinomialNB,0.36451301832208294,1.0
MultinomialNB,0.36486486486486486,1.0
MultinomialNB,0.3652173913043478,1.0
MultinomialNB,0.3655705996131528,1.0
MultinomialNB,0.3659244917715392,1.0
MultinomialNB,0.36627906976744184,1.0
MultinomialNB,0.36663433559650827,1.0
MultinomialNB,0.36699029126213595,1.0
MultinomialNB,0.3673469387755102,1.0
MultinomialNB,0.36770428015564205,1.0
MultinomialNB,0.36806231742940604,1.0
MultinomialNB,0.3684210526315789,1.0
MultinomialNB,0.36878048780487804,1.0
MultinomialNB,0.369140625,1.0
MultinomialNB,0.36950146627565983,1.0
MultinomialNB,0.3698630136986301,1.0
MultinomialNB,0.3702252693437806,1.0
MultinomialNB,0.37058823529411766,1.0
MultinomialNB,0.37095191364082436,1.0
MultinomialNB,0.3713163064833006,1.0
MultinomialNB,0.37168141592920356,1.0
MultinomialNB,0.3720472440944882,1.0
MultinomialNB,0.3724137931034483,1.0
MultinomialNB,0.3727810650887574,1.0
MultinomialNB,0.37314906219151034,1.0
MultinomialNB,0.37351778656126483,1.0
MultinomialNB,0.37388724035608306,1.0
MultinomialNB,0.37425742574257426,1.0
MultinomialNB,0.37462834489593655,1.0
MultinomialNB,0.375,1.0
MultinomialNB,0.3753723932472691,1.0
MultinomialNB,0.3757455268389662,1.0
MultinomialNB,0.3761194029850746,1.0
MultinomialNB,0.37649402390438247,1.0
MultinomialNB,0.37686939182452645,1.0
MultinomialNB,0.3772455089820359,1.0
MultinomialNB,0.3776223776223776,1.0
MultinomialNB,0.378,1.0
MultinomialNB,0.3783783783783784,1.0
MultinomialNB,0.3787575150300601,1.0
MultinomialNB,0.3791374122367101,1.0
MultinomialNB,0.3795180722891566,1.0
MultinomialNB,0.3798994974874372,1.0
MultinomialNB,0.38028169014084506,1.0
MultinomialNB,0.3806646525679758,1.0
MultinomialNB,0.3810483870967742,1.0
MultinomialNB,0.38143289606458125,1.0
MultinomialNB,0.38181818181818183,1.0
MultinomialNB,0.3822042467138524,1.0
MultinomialNB,0.3825910931174089,1.0
MultinomialNB,0.3829787234042553,1.0
MultinomialNB,0.38336713995943206,1.0
MultinomialNB,0.383756345177665,1.0
MultinomialNB,0.38414634146341464,1.0
MultinomialNB,0.38453713123092575,1.0
MultinomialNB,0.384928716904277,1.0
MultinomialNB,0.3853211009174312,1.0
MultinomialNB,0.38571428571428573,1.0
MultinomialNB,0.3861082737487232,1.0
MultinomialNB,0.38650306748466257,1.0
MultinomialNB,0.38689866939611056,1.0
MultinomialNB,0.38729508196721313,1.0
MultinomialNB,0.38769230769230767,1.0
MultinomialNB,0.38809034907597534,1.0
MultinomialNB,0.38848920863309355,1.0
MultinomialNB,0.3888888888888889,1.0
MultinomialNB,0.38928939237899074,1.0
MultinomialNB,0.38969072164948454,1.0
MultinomialNB,0.39009287925696595,1.0
MultinomialNB,0.390495867768595,1.0
MultinomialNB,0.390899689762151,1.0
MultinomialNB,0.391304347826087,1.0
MultinomialNB,0.3917098445595855,1.0
MultinomialNB,0.3921161825726141,1.0
MultinomialNB,0.3925233644859813,1.0
MultinomialNB,0.39293139293139295,1.0
MultinomialNB,0.39334027055150883,1.0
MultinomialNB,0.39375,1.0
MultinomialNB,0.39416058394160586,1.0
MultinomialNB,0.3945720250521921,1.0
MultinomialNB,0.3949843260188088,1.0
MultinomialNB,0.39539748953974896,1.0
MultinomialNB,0.3958115183246073,1.0
MultinomialNB,0.39622641509433965,1.0
MultinomialNB,0.39664218258132217,1.0
MultinomialNB,0.39705882352941174,1.0
MultinomialNB,0.39747634069400634,1.0
MultinomialNB,0.39789473684210525,1.0
MultinomialNB,0.39831401475237094,1.0
MultinomialNB,0.3987341772151899,1.0
MultinomialNB,0.3991552270327349,1.0
MultinomialNB,0.39957716701902746,1.0
MultinomialNB,0.4,1.0
MultinomialNB,0.4004237288135593,1.0
MultinomialNB,0.40084835630965004,1.0
MultinomialNB,0.4012738853503185,1.0
MultinomialNB,0.40170031880977686,1.0
MultinomialNB,0.4021276595744681,1.0
MultinomialNB,0.402555910543131,1.0
MultinomialNB,0.40298507462686567,1.0
MultinomialNB,0.4034151547491996,1.0
MultinomialNB,0.40384615384615385,1.0
MultinomialNB,0.4042780748663102,1.0
MultinomialNB,0.40471092077087795,1.0
MultinomialNB,0.40514469453376206,1.0
MultinomialNB,0.4055793991416309,1.0
MultinomialNB,0.40601503759398494,1.0
MultinomialNB,0.4064516129032258,1.0
MultinomialNB,0.4068891280947255,1.0
MultinomialNB,0.4073275862068966,1.0
MultinomialNB,0.4077669902912621,1.0
MultinomialNB,0.408207343412527,1.0
MultinomialNB,0.40864864864864864,1.0
MultinomialNB,0.4090909090909091,1.0
MultinomialNB,0.409534127843987,1.0
MultinomialNB,0.40997830802603036,1.0
MultinomialNB,0.41042345276872966,1.0
MultinomialNB,0.4108695652173913,1.0
MultinomialNB,0.41131664853101196,1.0
MultinomialNB,0.4117647058823529,1.0
MultinomialNB,0.4122137404580153,1.0
MultinomialNB,0.4126637554585153,1.0
MultinomialNB,0.4131147540983607,1.0
MultinomialNB,0.4135667396061269,1.0
MultinomialNB,0.4140197152245345,1.0
MultinomialNB,0.4144736842105263,1.0
MultinomialNB,0.4149286498353458,1.0
MultinomialNB,0.4153846153846154,1.0
MultinomialNB,0.4158415841584158,1.0
MultinomialNB,0.41629955947136565,1.0
MultinomialNB,0.41675854465270123,1.0
MultinomialNB,0.41721854304635764,1.0
MultinomialNB,0.4176795580110497,1.0
MultinomialNB,0.41814159292035397,1.0
MultinomialNB,0.4186046511627907,1.0
MultinomialNB,0.4190687361419069,1.0
MultinomialNB,0.4195338512763596,1.0
MultinomialNB,0.42,1.0
MultinomialNB,0.42046718576195774,1.0
MultinomialNB,0.4209354120267261,1.0
MultinomialNB,0.4214046822742475,1.0
MultinomialNB,0.421875,1.0
MultinomialNB,0.4223463687150838,1.0
MultinomialNB,0.4228187919463087,1.0
MultinomialNB,0.4232922732362822,1.0
MultinomialNB,0.42376681614349776,1.0
MultinomialNB,0.42424242424242425,1.0
MultinomialNB,0.4247191011235955,1.0
MultinomialNB,0.4251968503937008,1.0
MultinomialNB,0.42567567567567566,1.0
MultinomialNB,0.42615558060879366,1.0
MultinomialNB,0.42663656884875845,1.0
MultinomialNB,0.4271186440677966,1.0
MultinomialNB,0.4276018099547511,1.0
MultinomialNB,0.42808607021517553,1.0
MultinomialNB,0.42857142857142855,1.0
MultinomialNB,0.42905788876276957,1.0
MultinomialNB,0.42954545454545456,1.0
MultinomialNB,0.4300341296928328,1.0
MultinomialNB,0.4305239179954442,1.0
MultinomialNB,0.43101482326111745,1.0
MultinomialNB,0.4315068493150685,1.0
MultinomialNB,0.432,1.0
MultinomialNB,0.43249427917620137,1.0
MultinomialNB,0.4329896907216495,1.0
MultinomialNB,0.4334862385321101,1.0
MultinomialNB,0.43398392652123996,1.0
MultinomialNB,0.43448275862068964,1.0
MultinomialNB,0.43498273878020716,1.0
MultinomialNB,0.43548387096774194,1.0
MultinomialNB,0.4359861591695502,1.0
MultinomialNB,0.43648960739030024,1.0
MultinomialNB,0.4369942196531792,1.0
MultinomialNB,0.4375,1.0
MultinomialNB,0.4380069524913094,1.0
MultinomialNB,0.4385150812064965,1.0
MultinomialNB,0.43902439024390244,1.0
MultinomialNB,0.43953488372093025,1.0
MultinomialNB,0.440046565774156,1.0
MultinomialNB,0.4405594405594406,1.0
MultinomialNB,0.441073512252042,1.0
MultinomialNB,0.441588785046729,1.0
MultinomialNB,0.4421052631578947,1.0
MultinomialNB,0.4426229508196721,1.0
MultinomialNB,0.44314185228604924,1.0
MultinomialNB,0.44366197183098594,1.0
MultinomialNB,0.44418331374853115,1.0
MultinomialNB,0.4447058823529412,1.0
MultinomialNB,0.4452296819787986,1.0
MultinomialNB,0.44575471698113206,1.0
MultinomialNB,0.4462809917355372,1.0
MultinomialNB,0.44680851063829785,1.0
MultinomialNB,0.44733727810650886,1.0
MultinomialNB,0.44786729857819907,1.0
MultinomialNB,0.4483985765124555,1.0
MultinomialNB,0.4489311163895487,1.0
MultinomialNB,0.44946492271105826,1.0
MultinomialNB,0.45,1.0
MultinomialNB,0.4505363528009535,1.0
MultinomialNB,0.4510739856801909,1.0
MultinomialNB,0.45161290322580644,1.0
MultinomialNB,0.45215311004784686,1.0
MultinomialNB,0.45269461077844314,1.0
MultinomialNB,0.45323741007194246,1.0
MultinomialNB,0.453781512605042,1.0
MultinomialNB,0.4543269230769231,1.0
MultinomialNB,0.4548736462093863,1.0
MultinomialNB,0.45542168674698796,1.0
MultinomialNB,0.4559710494571773,1.0
MultinomialNB,0.45652173913043476,1.0
MultinomialNB,0.4570737605804111,1.0
MultinomialNB,0.4576271186440678,1.0
MultinomialNB,0.4581818181818182,1.0
MultinomialNB,0.4587378640776699,1.0
MultinomialNB,0.45929526123936815,1.0
MultinomialNB,0.45985401459854014,1.0
MultinomialNB,0.46041412911084045,1.0
MultinomialNB,0.4609756097560976,1.0
MultinomialNB,0.46153846153846156,1.0
MultinomialNB,0.4621026894865526,1.0
MultinomialNB,0.46266829865361075,1.0
MultinomialNB,0.4632352941176471,1.0
MultinomialNB,0.4638036809815951,1.0
MultinomialNB,0.4643734643734644,1.0
MultinomialNB,0.46494464944649444,1.0
MultinomialNB,0.46551724137931033,1.0
MultinomialNB,0.46609124537607893,1.0
MultinomialNB,0.4666666666666667,1.0
MultinomialNB,0.4672435105067985,1.0
MultinomialNB,0.46782178217821785,1.0
MultinomialNB,0.4684014869888476,1.0
MultinomialNB,0.46898263027295284,1.0
MultinomialNB,0.46956521739130436,1.0
MultinomialNB,0.4701492537313433,1.0
MultinomialNB,0.47073474470734744,1.0
MultinomialNB,0.4713216957605985,1.0
MultinomialNB,0.47191011235955055,1.0
MultinomialNB,0.4725,1.0
MultinomialNB,0.47309136420525655,1.0
MultinomialNB,0.47368421052631576,1.0
MultinomialNB,0.4742785445420326,1.0
MultinomialNB,0.4748743718592965,1.0
MultinomialNB,0.47547169811320755,1.0
MultinomialNB,0.4760705289672544,1.0
MultinomialNB,0.4766708701134931,1.0
MultinomialNB,0.4772727272727273,1.0
MultinomialNB,0.4778761061946903,1.0
MultinomialNB,0.47848101265822784,1.0
MultinomialNB,0.4790874524714829,1.0
MultinomialNB,0.4796954314720812,1.0
MultinomialNB,0.48030495552731894,1.0
MultinomialNB,0.48091603053435117,1.0
MultinomialNB,0.48152866242038217,1.0
MultinomialNB,0.48214285714285715,1.0
MultinomialNB,0.4827586206896552,1.0
MultinomialNB,0.4833759590792839,1.0
MultinomialNB,0.4839948783610755,1.0
MultinomialNB,0.4846153846153846,1.0
MultinomialNB,0.4852374839537869,1.0
MultinomialNB,0.48586118251928023,1.0
MultinomialNB,0.4864864864864865,1.0
MultinomialNB,0.48711340206185566,1.0
MultinomialNB,0.48774193548387096,1.0
MultinomialNB,0.4883720930232558,1.0
MultinomialNB,0.4890038809831824,1.0
MultinomialNB,0.4896373056994819,1.0
MultinomialNB,0.490272373540856,1.0
MultinomialNB,0.4909090909090909,1.0
MultinomialNB,0.49154746423927176,1.0
MultinomialNB,0.4921875,1.0
MultinomialNB,0.49282920469361147,1.0
MultinomialNB,0.4934725848563969,1.0
MultinomialNB,0.49411764705882355,1.0
MultinomialNB,0.49476439790575916,1.0
MultinomialNB,0.4954128440366973,1.0
MultinomialNB,0.49606299212598426,1.0
MultinomialNB,0.4967148488830486,1.0
MultinomialNB,0.49736842105263157,1.0
MultinomialNB,0.4980237154150198,1.0
MultinomialNB,0.49868073878627966,1.0
MultinomialNB,0.49933949801849403,1.0
MultinomialNB,0.5,1.0
MultinomialNB,0.5006622516556292,1.0
MultinomialNB,0.5013262599469496,1.0
MultinomialNB,0.50199203187251,1.0
MultinomialNB,0.5026595744680851,1.0
MultinomialNB,0.5033288948069241,1.0
MultinomialNB,0.504,1.0
MultinomialNB,0.5046728971962616,1.0
MultinomialNB,0.5053475935828877,1.0
MultinomialNB,0.5060240963855421,1.0
MultinomialNB,0.5067024128686327,1.0
MultinomialNB,0.5073825503355704,1.0
MultinomialNB,0.5080645161290323,1.0
MultinomialNB,0.5087483176312247,1.0
MultinomialNB,0.5094339622641509,1.0
MultinomialNB,0.5101214574898786,1.0
MultinomialNB,0.5108108108108108,1.0
MultinomialNB,0.5115020297699594,1.0
MultinomialNB,0.5121951219512195,1.0
MultinomialNB,0.5128900949796472,1.0
MultinomialNB,0.5135869565217391,1.0
MultinomialNB,0.5142857142857142,1.0
MultinomialNB,0.5149863760217984,1.0
MultinomialNB,0.5156889495225102,1.0
MultinomialNB,0.5163934426229508,1.0
MultinomialNB,0.5170998632010944,1.0
MultinomialNB,0.5178082191780822,1.0
MultinomialNB,0.5185185185185185,1.0
MultinomialNB,0.5192307692307693,1.0
MultinomialNB,0.5199449793672627,1.0
MultinomialNB,0.5206611570247934,1.0
MultinomialNB,0.5213793103448275,1.0
MultinomialNB,0.5220994475138122,1.0
MultinomialNB,0.5228215767634855,1.0
MultinomialNB,0.5235457063711911,1.0
MultinomialNB,0.5242718446601942,1.0
MultinomialNB,0.525,1.0
MultinomialNB,0.5257301808066759,1.0
MultinomialNB,0.5264623955431755,1.0
MultinomialNB,0.5271966527196653,1.0
MultinomialNB,0.5279329608938548,1.0
MultinomialNB,0.5286713286713287,1.0
MultinomialNB,0.5294117647058824,1.0
MultinomialNB,0.5301542776998598,1.0
MultinomialNB,0.5308988764044944,1.0
MultinomialNB,0.5316455696202531,1.0
MultinomialNB,0.532394366197183,1.0
MultinomialNB,0.5331452750352609,1.0
MultinomialNB,0.5338983050847458,1.0
MultinomialNB,0.5346534653465347,1.0
MultinomialNB,0.5354107648725213,1.0
MultinomialNB,0.5361702127659574,1.0
MultinomialNB,0.5369318181818182,1.0
MultinomialNB,0.5376955903271693,1.0
MultinomialNB,0.5384615384615384,1.0
MultinomialNB,0.5392296718972895,1.0
MultinomialNB,0.54,1.0
MultinomialNB,0.5407725321888412,1.0
MultinomialNB,0.5415472779369628,1.0
MultinomialNB,0.5423242467718795,1.0
MultinomialNB,0.5431034482758621,1.0
MultinomialNB,0.543884892086331,1.0
MultinomialNB,0.5446685878962536,1.0
MultinomialNB,0.5454545454545454,1.0
MultinomialNB,0.546242774566474,1.0
MultinomialNB,0.5470332850940666,1.0
MultinomialNB,0.5478260869565217,1.0
MultinomialNB,0.548621190130624,1.0
MultinomialNB,0.5494186046511628,1.0
MultinomialNB,0.5502183406113537,1.0
MultinomialNB,0.5510204081632653,1.0
MultinomialNB,0.5518248175182482,1.0
MultinomialNB,0.5526315789473685,1.0
MultinomialNB,0.5534407027818448,1.0
MultinomialNB,0.5542521994134897,1.0
MultinomialNB,0.5550660792951542,1.0
MultinomialNB,0.5558823529411765,1.0
MultinomialNB,0.5567010309278351,1.0
MultinomialNB,0.5575221238938053,1.0
MultinomialNB,0.5583456425406204,1.0
MultinomialNB,0.5591715976331361,1.0
MultinomialNB,0.56,1.0
MultinomialNB,0.5608308605341247,1.0
MultinomialNB,0.5616641901931649,1.0
MultinomialNB,0.5625,1.0
MultinomialNB,0.563338301043219,1.0
MultinomialNB,0.564179104477612,1.0
MultinomialNB,0.5650224215246636,1.0
MultinomialNB,0.5658682634730539,1.0
MultinomialNB,0.5667166416791605,1.0
MultinomialNB,0.5675675675675675,1.0
MultinomialNB,0.5684210526315789,1.0
MultinomialNB,0.5692771084337349,1.0
MultinomialNB,0.5701357466063348,1.0
MultinomialNB,0.5709969788519638,1.0
MultinomialNB,0.5718608169440242,1.0
MultinomialNB,0.5727272727272728,1.0
MultinomialNB,0.5735963581183612,1.0
MultinomialNB,0.574468085106383,1.0
MultinomialNB,0.5753424657534246,1.0
MultinomialNB,0.5762195121951219,1.0
MultinomialNB,0.5770992366412214,1.0
MultinomialNB,0.5779816513761468,1.0
MultinomialNB,0.5788667687595712,1.0
MultinomialNB,0.5797546012269938,1.0
MultinomialNB,0.5806451612903226,1.0
MultinomialNB,0.5815384615384616,1.0
MultinomialNB,0.5824345146379045,1.0
MultinomialNB,0.5833333333333334,1.0
MultinomialNB,0.5842349304482226,1.0
MultinomialNB,0.5851393188854489,1.0
MultinomialNB,0.586046511627907,1.0
MultinomialNB,0.5869565217391305,1.0
MultinomialNB,0.5878693623639192,1.0
MultinomialNB,0.5887850467289719,1.0
MultinomialNB,0.5897035881435257,1.0
MultinomialNB,0.590625,1.0
MultinomialNB,0.5915492957746479,1.0
MultinomialNB,0.5924764890282131,1.0
MultinomialNB,0.5934065934065934,1.0
MultinomialNB,0.5943396226415094,1.0
MultinomialNB,0.5952755905511811,1.0
MultinomialNB,0.5962145110410094,1.0
MultinomialNB,0.5971563981042654,1.0
MultinomialNB,0.5981012658227848,1.0
MultinomialNB,0.5990491283676703,1.0
MultinomialNB,0.6,1.0
MultinomialNB,0.6009538950715422,1.0
MultinomialNB,0.6019108280254777,1.0
MultinomialNB,0.6028708133971292,1.0
MultinomialNB,0.6038338658146964,1.0
MultinomialNB,0.6048,1.0
MultinomialNB,0.6057692307692307,1.0
MultinomialNB,0.6067415730337079,1.0
MultinomialNB,0.6077170418006431,1.0
MultinomialNB,0.6086956521739131,1.0
MultinomialNB,0.6096774193548387,1.0
MultinomialNB,0.6106623586429726,1.0
MultinomialNB,0.6116504854368932,1.0
MultinomialNB,0.6126418152350082,1.0
MultinomialNB,0.6136363636363636,1.0
MultinomialNB,0.6146341463414634,1.0
MultinomialNB,0.6156351791530945,1.0
MultinomialNB,0.6166394779771615,1.0
MultinomialNB,0.6176470588235294,1.0
MultinomialNB,0.618657937806874,1.0
MultinomialNB,0.6196721311475409,1.0
MultinomialNB,0.6206896551724138,1.0
MultinomialNB,0.6217105263157895,1.0
MultinomialNB,0.6227347611202636,1.0
MultinomialNB,0.6237623762376238,1.0
MultinomialNB,0.6247933884297521,1.0
MultinomialNB,0.6258278145695364,1.0
MultinomialNB,0.6268656716417911,1.0
MultinomialNB,0.627906976744186,1.0
MultinomialNB,0.6289517470881864,1.0
MultinomialNB,0.63,1.0
MultinomialNB,0.6310517529215359,1.0
MultinomialNB,0.6321070234113713,1.0
MultinomialNB,0.6331658291457286,1.0
MultinomialNB,0.6342281879194631,1.0
MultinomialNB,0.6352941176470588,1.0
MultinomialNB,0.6363636363636364,1.0
MultinomialNB,0.6374367622259697,1.0
MultinomialNB,0.6385135135135135,1.0
MultinomialNB,0.6395939086294417,1.0
MultinomialNB,0.6406779661016949,1.0
MultinomialNB,0.6417657045840407,1.0
MultinomialNB,0.6428571428571429,1.0
MultinomialNB,0.6439522998296422,1.0
MultinomialNB,0.6450511945392492,1.0
MultinomialNB,0.6461538461538462,1.0
MultinomialNB,0.6472602739726028,1.0
MultinomialNB,0.6483704974271012,1.0
MultinomialNB,0.6494845360824743,1.0
MultinomialNB,0.6506024096385542,1.0
MultinomialNB,0.6517241379310345,1.0
MultinomialNB,0.6528497409326425,1.0
MultinomialNB,0.6539792387543253,1.0
MultinomialNB,0.6551126516464472,1.0
MultinomialNB,0.65625,1.0
MultinomialNB,0.6573913043478261,1.0
MultinomialNB,0.6585365853658537,1.0
MultinomialNB,0.6596858638743456,1.0
MultinomialNB,0.6608391608391608,1.0
MultinomialNB,0.6619964973730298,1.0
MultinomialNB,0.6631578947368421,1.0
MultinomialNB,0.664323374340949,1.0
MultinomialNB,0.6654929577464789,1.0
MultinomialNB,0.6666666666666666,1.0
MultinomialNB,0.6678445229681979,1.0
MultinomialNB,0.6690265486725664,1.0
MultinomialNB,0.6702127659574468,1.0
MultinomialNB,0.6714031971580817,1.0
MultinomialNB,0.6725978647686833,1.0
MultinomialNB,0.6737967914438503,1.0
MultinomialNB,0.675,1.0
MultinomialNB,0.6762075134168157,1.0
MultinomialNB,0.6774193548387096,1.0
MultinomialNB,0.6786355475763016,1.0
MultinomialNB,0.6798561151079137,1.0
MultinomialNB,0.6810810810810811,1.0
MultinomialNB,0.6823104693140795,1.0
MultinomialNB,0.6835443037974683,1.0
MultinomialNB,0.6847826086956522,1.0
MultinomialNB,0.6860254083484574,1.0
MultinomialNB,0.6872727272727273,1.0
MultinomialNB,0.6885245901639344,1.0
MultinomialNB,0.6897810218978102,1.0
MultinomialNB,0.6910420475319927,1.0
MultinomialNB,0.6923076923076923,1.0
MultinomialNB,0.6935779816513762,1.0
MultinomialNB,0.6948529411764706,1.0
MultinomialNB,0.6961325966850829,1.0
MultinomialNB,0.6974169741697417,1.0
MultinomialNB,0.6987060998151571,1.0
MultinomialNB,0.7,1.0
MultinomialNB,0.7012987012987013,1.0
MultinomialNB,0.7026022304832714,1.0
MultinomialNB,0.7039106145251397,1.0
MultinomialNB,0.7052238805970149,1.0
MultinomialNB,0.7065420560747664,1.0
MultinomialNB,0.7078651685393258,1.0
MultinomialNB,0.7091932457786116,1.0
MultinomialNB,0.7105263157894737,1.0
MultinomialNB,0.711864406779661,1.0
MultinomialNB,0.7132075471698113,1.0
MultinomialNB,0.7145557655954632,1.0
MultinomialNB,0.7159090909090909,1.0
MultinomialNB,0.7172675521821632,1.0
MultinomialNB,0.7186311787072244,1.0
MultinomialNB,0.72,1.0
MultinomialNB,0.7213740458015268,1.0
MultinomialNB,0.722753346080306,1.0
MultinomialNB,0.7241379310344828,1.0
MultinomialNB,0.72552783109405,1.0
MultinomialNB,0.7269230769230769,1.0
MultinomialNB,0.7283236994219653,1.0
MultinomialNB,0.7297297297297297,1.0
MultinomialNB,0.7311411992263056,1.0
MultinomialNB,0.7325581395348837,1.0
MultinomialNB,0.7339805825242719,1.0
MultinomialNB,0.7354085603112841,1.0
MultinomialNB,0.7368421052631579,1.0
MultinomialNB,0.73828125,1.0
MultinomialNB,0.7397260273972602,1.0
MultinomialNB,0.7411764705882353,1.0
MultinomialNB,0.7426326129666012,1.0
MultinomialNB,0.7440944881889764,1.0
MultinomialNB,0.7455621301775148,1.0
MultinomialNB,0.7470355731225297,1.0
MultinomialNB,0.7485148514851485,1.0
MultinomialNB,0.75,1.0
MultinomialNB,0.7514910536779325,1.0
MultinomialNB,0.7529880478087649,1.0
MultinomialNB,0.7544910179640718,1.0
MultinomialNB,0.756,1.0
MultinomialNB,0.7575150300601202,1.0
MultinomialNB,0.7590361445783133,1.0
MultinomialNB,0.7605633802816901,1.0
MultinomialNB,0.7620967741935484,1.0
MultinomialNB,0.7636363636363637,1.0
MultinomialNB,0.7651821862348178,1.0
MultinomialNB,0.7667342799188641,1.0
MultinomialNB,0.7682926829268293,1.0
MultinomialNB,0.769857433808554,1.0
MultinomialNB,0.7714285714285715,1.0
MultinomialNB,0.7730061349693251,1.0
MultinomialNB,0.7745901639344263,1.0
MultinomialNB,0.7761806981519507,1.0
MultinomialNB,0.7777777777777778,1.0
MultinomialNB,0.7793814432989691,1.0
MultinomialNB,0.78099173553719,1.0
MultinomialNB,0.782608695652174,1.0
MultinomialNB,0.7842323651452282,1.0
MultinomialNB,0.7858627858627859,1.0
MultinomialNB,0.7875,1.0
MultinomialNB,0.7891440501043842,1.0
MultinomialNB,0.7907949790794979,1.0
MultinomialNB,0.7924528301886793,1.0
MultinomialNB,0.7941176470588235,1.0
MultinomialNB,0.7957894736842105,1.0
MultinomialNB,0.7974683544303798,1.0
MultinomialNB,0.7991543340380549,1.0
MultinomialNB,0.8008474576271186,1.0
MultinomialNB,0.802547770700637,1.0
MultinomialNB,0.8042553191489362,1.0
MultinomialNB,0.8059701492537313,1.0
MultinomialNB,0.8076923076923077,1.0
MultinomialNB,0.8094218415417559,1.0
MultinomialNB,0.8111587982832618,1.0
MultinomialNB,0.8129032258064516,1.0
MultinomialNB,0.8146551724137931,1.0
MultinomialNB,0.816414686825054,1.0
MultinomialNB,0.8181818181818182,1.0
MultinomialNB,0.8199566160520607,1.0
MultinomialNB,0.8217391304347826,1.0
MultinomialNB,0.8235294117647058,1.0
MultinomialNB,0.8253275109170306,1.0
MultinomialNB,0.8271334792122538,1.0
MultinomialNB,0.8289473684210527,1.0
MultinomialNB,0.8307692307692308,1.0
MultinomialNB,0.8303964757709251,0.9973544973544973
MultinomialNB,0.8322295805739515,0.9973544973544973
MultinomialNB,0.834070796460177,0.9973544973544973
MultinomialNB,0.835920177383592,0.9973544973544973
MultinomialNB,0.8377777777777777,0.9973544973544973
MultinomialNB,0.8396436525612472,0.9973544973544973
MultinomialNB,0.8415178571428571,0.9973544973544973
MultinomialNB,0.843400447427293,0.9973544973544973
MultinomialNB,0.8452914798206278,0.9973544973544973
MultinomialNB,0.8471910112359551,0.9973544973544973
MultinomialNB,0.8490990990990991,0.9973544973544973
MultinomialNB,0.8510158013544018,0.9973544973544973
MultinomialNB,0.8506787330316742,0.9947089947089947
MultinomialNB,0.8526077097505669,0.9947089947089947
MultinomialNB,0.8545454545454545,0.9947089947089947
MultinomialNB,0.856492027334852,0.9947089947089947
MultinomialNB,0.8584474885844748,0.9947089947089947
MultinomialNB,0.8604118993135011,0.9947089947089947
MultinomialNB,0.8623853211009175,0.9947089947089947
MultinomialNB,0.864367816091954,0.9947089947089947
MultinomialNB,0.8663594470046083,0.9947089947089947
MultinomialNB,0.8683602771362586,0.9947089947089947
MultinomialNB,0.8703703703703703,0.9947089947089947
MultinomialNB,0.8723897911832946,0.9947089947089947
MultinomialNB,0.872093023255814,0.9920634920634921
MultinomialNB,0.8741258741258742,0.9920634920634921
MultinomialNB,0.8761682242990654,0.9920634920634921
MultinomialNB,0.8782201405152225,0.9920634920634921
MultinomialNB,0.8779342723004695,0.9894179894179894
MultinomialNB,0.88,0.9894179894179894
MultinomialNB,0.8820754716981132,0.9894179894179894
MultinomialNB,0.8841607565011821,0.9894179894179894
MultinomialNB,0.8862559241706162,0.9894179894179894
MultinomialNB,0.8883610451306413,0.9894179894179894
MultinomialNB,0.888095238095238,0.9867724867724867
MultinomialNB,0.8902147971360382,0.9867724867724867
MultinomialNB,0.8923444976076556,0.9867724867724867
MultinomialNB,0.894484412470024,0.9867724867724867
MultinomialNB,0.8966346153846154,0.9867724867724867
MultinomialNB,0.8987951807228916,0.9867724867724867
MultinomialNB,0.8985507246376812,0.9841269841269841
MultinomialNB,0.9007263922518159,0.9841269841269841
MultinomialNB,0.9029126213592233,0.9841269841269841
MultinomialNB,0.9051094890510949,0.9841269841269841
MultinomialNB,0.9073170731707317,0.9841269841269841
MultinomialNB,0.9095354523227384,0.9841269841269841
MultinomialNB,0.9093137254901961,0.9814814814814815
MultinomialNB,0.9090909090909091,0.9788359788359788
MultinomialNB,0.9113300492610837,0.9788359788359788
MultinomialNB,0.9111111111111111,0.9761904761904762
MultinomialNB,0.9108910891089109,0.9735449735449735
MultinomialNB,0.913151364764268,0.9735449735449735
MultinomialNB,0.9154228855721394,0.9735449735449735
MultinomialNB,0.9177057356608479,0.9735449735449735
MultinomialNB,0.92,0.9735449735449735
MultinomialNB,0.9197994987468672,0.9708994708994709
MultinomialNB,0.9195979899497487,0.9682539682539683
MultinomialNB,0.9193954659949622,0.9656084656084656
MultinomialNB,0.9191919191919192,0.9629629629629629
MultinomialNB,0.9189873417721519,0.9603174603174603
MultinomialNB,0.9187817258883249,0.9576719576719577
MultinomialNB,0.9185750636132316,0.955026455026455
MultinomialNB,0.9209183673469388,0.955026455026455
MultinomialNB,0.9207161125319693,0.9523809523809523
MultinomialNB,0.9230769230769231,0.9523809523809523
MultinomialNB,0.922879177377892,0.9497354497354498
MultinomialNB,0.9252577319587629,0.9497354497354498
MultinomialNB,0.9276485788113695,0.9497354497354498
MultinomialNB,0.9300518134715026,0.9497354497354498
MultinomialNB,0.9324675324675324,0.9497354497354498
MultinomialNB,0.9348958333333334,0.9497354497354498
MultinomialNB,0.9347258485639687,0.9470899470899471
MultinomialNB,0.93717277486911,0.9470899470899471
MultinomialNB,0.9396325459317585,0.9470899470899471
MultinomialNB,0.9394736842105263,0.9444444444444444
MultinomialNB,0.941952506596306,0.9444444444444444
MultinomialNB,0.9444444444444444,0.9444444444444444
MultinomialNB,0.9442970822281167,0.9417989417989417
MultinomialNB,0.9441489361702128,0.9391534391534392
MultinomialNB,0.9466666666666667,0.9391534391534392
MultinomialNB,0.946524064171123,0.9365079365079365
MultinomialNB,0.9463806970509383,0.9338624338624338
MultinomialNB,0.946236559139785,0.9312169312169312
MultinomialNB,0.9460916442048517,0.9285714285714286
MultinomialNB,0.9459459459459459,0.9259259259259259
MultinomialNB,0.948509485094851,0.9259259259259259
MultinomialNB,0.9483695652173914,0.9232804232804233
MultinomialNB,0.9482288828337875,0.9206349206349206
MultinomialNB,0.9480874316939891,0.917989417989418
MultinomialNB,0.947945205479452,0.9153439153439153
MultinomialNB,0.9505494505494505,0.9153439153439153
MultinomialNB,0.953168044077135,0.9153439153439153
MultinomialNB,0.9530386740331491,0.9126984126984127
MultinomialNB,0.9529085872576177,0.91005291005291
MultinomialNB,0.9527777777777777,0.9074074074074074
MultinomialNB,0.9554317548746518,0.9074074074074074
MultinomialNB,0.9581005586592178,0.9074074074074074
MultinomialNB,0.957983193277311,0.9047619047619048
MultinomialNB,0.9606741573033708,0.9047619047619048
MultinomialNB,0.9633802816901409,0.9047619047619048
MultinomialNB,0.963276836158192,0.9021164021164021
MultinomialNB,0.9631728045325779,0.8994708994708994
MultinomialNB,0.9630681818181818,0.8968253968253969
MultinomialNB,0.9629629629629629,0.8941798941798942
MultinomialNB,0.9628571428571429,0.8915343915343915
MultinomialNB,0.9656160458452722,0.8915343915343915
MultinomialNB,0.9683908045977011,0.8915343915343915
MultinomialNB,0.968299711815562,0.8888888888888888
MultinomialNB,0.9682080924855492,0.8862433862433863
MultinomialNB,0.9710144927536232,0.8862433862433863
MultinomialNB,0.9709302325581395,0.8835978835978836
MultinomialNB,0.9737609329446064,0.8835978835978836
MultinomialNB,0.9766081871345029,0.8835978835978836
MultinomialNB,0.9765395894428153,0.8809523809523809
MultinomialNB,0.9764705882352941,0.8783068783068783
MultinomialNB,0.976401179941003,0.8756613756613757
MultinomialNB,0.9792899408284024,0.8756613756613757
MultinomialNB,0.9792284866468842,0.873015873015873
MultinomialNB,0.9791666666666666,0.8703703703703703
MultinomialNB,0.9791044776119403,0.8677248677248677
MultinomialNB,0.9790419161676647,0.8650793650793651
MultinomialNB,0.978978978978979,0.8624338624338624
MultinomialNB,0.9819277108433735,0.8624338624338624
MultinomialNB,0.9818731117824774,0.8597883597883598
MultinomialNB,0.9818181818181818,0.8571428571428571
MultinomialNB,0.9817629179331308,0.8544973544973545
MultinomialNB,0.9847560975609756,0.8544973544973545
MultinomialNB,0.9847094801223242,0.8518518518518519
MultinomialNB,0.9846625766871165,0.8492063492063492
MultinomialNB,0.9846153846153847,0.8465608465608465
MultinomialNB,0.9845679012345679,0.843915343915344
MultinomialNB,0.9845201238390093,0.8412698412698413
MultinomialNB,0.984472049689441,0.8386243386243386
MultinomialNB,0.9844236760124611,0.8359788359788359
MultinomialNB,0.984375,0.8333333333333334
MultinomialNB,0.9843260188087775,0.8306878306878307
MultinomialNB,0.9842767295597484,0.828042328042328
MultinomialNB,0.9842271293375394,0.8253968253968254
MultinomialNB,0.9841772151898734,0.8227513227513228
MultinomialNB,0.9841269841269841,0.8201058201058201
MultinomialNB,0.9840764331210191,0.8174603174603174
MultinomialNB,0.9840255591054313,0.8148148148148148
MultinomialNB,0.9839743589743589,0.8121693121693122
MultinomialNB,0.9839228295819936,0.8095238095238095
MultinomialNB,0.9838709677419355,0.8068783068783069
MultinomialNB,0.9838187702265372,0.8042328042328042
MultinomialNB,0.9837662337662337,0.8015873015873016
MultinomialNB,0.9837133550488599,0.798941798941799
MultinomialNB,0.9836601307189542,0.7962962962962963
MultinomialNB,0.9836065573770492,0.7936507936507936
MultinomialNB,0.9835526315789473,0.791005291005291
MultinomialNB,0.9834983498349835,0.7883597883597884
MultinomialNB,0.9834437086092715,0.7857142857142857
MultinomialNB,0.9833887043189369,0.783068783068783
MultinomialNB,0.9833333333333333,0.7804232804232805
MultinomialNB,0.9832775919732442,0.7777777777777778
MultinomialNB,0.9832214765100671,0.7751322751322751
MultinomialNB,0.9831649831649831,0.7724867724867724
MultinomialNB,0.9831081081081081,0.7698412698412699
MultinomialNB,0.9830508474576272,0.7671957671957672
MultinomialNB,0.9828767123287672,0.7592592592592593
MultinomialNB,0.9828178694158075,0.7566137566137566
MultinomialNB,0.9827586206896551,0.753968253968254
MultinomialNB,0.9826989619377162,0.7513227513227513
MultinomialNB,0.9826388888888888,0.7486772486772487
MultinomialNB,0.9825783972125436,0.746031746031746
MultinomialNB,0.9825174825174825,0.7433862433862434
MultinomialNB,0.9824561403508771,0.7407407407407407
MultinomialNB,0.9823943661971831,0.7380952380952381
MultinomialNB,0.9823321554770318,0.7354497354497355
MultinomialNB,0.9822695035460993,0.7328042328042328
MultinomialNB,0.9822064056939501,0.7301587301587301
MultinomialNB,0.9821428571428571,0.7275132275132276
MultinomialNB,0.982078853046595,0.7248677248677249
MultinomialNB,0.9820143884892086,0.7222222222222222
MultinomialNB,0.9819494584837545,0.7195767195767195
MultinomialNB,0.9818840579710145,0.716931216931217
MultinomialNB,0.9818181818181818,0.7142857142857143
MultinomialNB,0.9817518248175182,0.7116402116402116
MultinomialNB,0.9816849816849816,0.708994708994709
MultinomialNB,0.9816176470588235,0.7063492063492064
MultinomialNB,0.981549815498155,0.7037037037037037
MultinomialNB,0.9814814814814815,0.701058201058201
MultinomialNB,0.9814126394052045,0.6984126984126984
MultinomialNB,0.9813432835820896,0.6957671957671958
MultinomialNB,0.9812734082397003,0.6931216931216931
MultinomialNB,0.981203007518797,0.6904761904761905
MultinomialNB,0.9811320754716981,0.6878306878306878
MultinomialNB,0.9810606060606061,0.6851851851851852
MultinomialNB,0.9809885931558935,0.6825396825396826
MultinomialNB,0.9809160305343512,0.6798941798941799
MultinomialNB,0.9808429118773946,0.6772486772486772
MultinomialNB,0.9846153846153847,0.6772486772486772
MultinomialNB,0.9845559845559846,0.6746031746031746
MultinomialNB,0.9844961240310077,0.671957671957672
MultinomialNB,0.9844357976653697,0.6693121693121693
MultinomialNB,0.984375,0.6666666666666666
MultinomialNB,0.984313725490196,0.6640211640211641
MultinomialNB,0.984251968503937,0.6613756613756614
MultinomialNB,0.9841897233201581,0.6587301587301587
MultinomialNB,0.9841269841269841,0.656084656084656
MultinomialNB,0.9840637450199203,0.6534391534391535
MultinomialNB,0.984,0.6507936507936508
MultinomialNB,0.9839357429718876,0.6481481481481481
MultinomialNB,0.9838709677419355,0.6455026455026455
MultinomialNB,0.9838056680161943,0.6428571428571429
MultinomialNB,0.983739837398374,0.6402116402116402
MultinomialNB,0.9836734693877551,0.6375661375661376
MultinomialNB,0.9836065573770492,0.6349206349206349
MultinomialNB,0.9835390946502057,0.6322751322751323
MultinomialNB,0.9834710743801653,0.6296296296296297
MultinomialNB,0.983402489626556,0.626984126984127
MultinomialNB,0.9833333333333333,0.6243386243386243
MultinomialNB,0.9832635983263598,0.6216931216931217
MultinomialNB,0.9831932773109243,0.6190476190476191
MultinomialNB,0.9831223628691983,0.6164021164021164
MultinomialNB,0.9830508474576272,0.6137566137566137
MultinomialNB,0.9829787234042553,0.6111111111111112
MultinomialNB,0.9829059829059829,0.6084656084656085
MultinomialNB,0.9828326180257511,0.6058201058201058
MultinomialNB,0.9827586206896551,0.6031746031746031
MultinomialNB,0.9826839826839827,0.6005291005291006
MultinomialNB,0.9869565217391304,0.6005291005291006
MultinomialNB,0.9868995633187773,0.5978835978835979
MultinomialNB,0.9868421052631579,0.5952380952380952
MultinomialNB,0.986784140969163,0.5925925925925926
MultinomialNB,0.9867256637168141,0.58994708994709
MultinomialNB,0.9866666666666667,0.5873015873015873
MultinomialNB,0.9910714285714286,0.5873015873015873
MultinomialNB,0.9910313901345291,0.5846560846560847
MultinomialNB,0.990990990990991,0.582010582010582
MultinomialNB,0.9909502262443439,0.5793650793650794
MultinomialNB,0.990909090909091,0.5767195767195767
MultinomialNB,0.9908675799086758,0.5740740740740741
MultinomialNB,0.9908256880733946,0.5714285714285714
MultinomialNB,0.9907834101382489,0.5687830687830688
MultinomialNB,0.9907407407407407,0.5661375661375662
MultinomialNB,0.9906976744186047,0.5634920634920635
MultinomialNB,0.9953271028037384,0.5634920634920635
MultinomialNB,1.0,0.5634920634920635
MultinomialNB,1.0,0.5608465608465608
MultinomialNB,1.0,0.5582010582010583
MultinomialNB,1.0,0.5555555555555556
MultinomialNB,1.0,0.5529100529100529
MultinomialNB,1.0,0.5502645502645502
MultinomialNB,1.0,0.5476190476190477
MultinomialNB,1.0,0.544973544973545
MultinomialNB,1.0,0.5423280423280423
MultinomialNB,1.0,0.5396825396825397
MultinomialNB,1.0,0.5370370370370371
MultinomialNB,1.0,0.5343915343915344
MultinomialNB,1.0,0.5317460317460317
MultinomialNB,1.0,0.5291005291005291
MultinomialNB,1.0,0.5264550264550265
MultinomialNB,1.0,0.5238095238095238
MultinomialNB,1.0,0.5211640211640212
MultinomialNB,1.0,0.5185185185185185
MultinomialNB,1.0,0.5158730158730159
MultinomialNB,1.0,0.5132275132275133
MultinomialNB,1.0,0.5105820105820106
MultinomialNB,1.0,0.5079365079365079
MultinomialNB,1.0,0.5052910052910053
MultinomialNB,1.0,0.5026455026455027
MultinomialNB,1.0,0.5
MultinomialNB,1.0,0.4973544973544973
MultinomialNB,1.0,0.4947089947089947
MultinomialNB,1.0,0.49206349206349204
MultinomialNB,1.0,0.4894179894179894
MultinomialNB,1.0,0.48677248677248675
MultinomialNB,1.0,0.48412698412698413
MultinomialNB,1.0,0.48148148148148145
MultinomialNB,1.0,0.47883597883597884
MultinomialNB,1.0,0.47619047619047616
MultinomialNB,1.0,0.47354497354497355
MultinomialNB,1.0,0.4708994708994709
MultinomialNB,1.0,0.46825396825396826
MultinomialNB,1.0,0.4656084656084656
MultinomialNB,1.0,0.46296296296296297
MultinomialNB,1.0,0.4603174603174603
MultinomialNB,1.0,0.4576719576719577
MultinomialNB,1.0,0.455026455026455
MultinomialNB,1.0,0.4523809523809524
MultinomialNB,1.0,0.4497354497354497
MultinomialNB,1.0,0.4470899470899471
MultinomialNB,1.0,0.4444444444444444
MultinomialNB,1.0,0.4417989417989418
MultinomialNB,1.0,0.43915343915343913
MultinomialNB,1.0,0.4365079365079365
MultinomialNB,1.0,0.43386243386243384
MultinomialNB,1.0,0.4312169312169312
MultinomialNB,1.0,0.42857142857142855
MultinomialNB,1.0,0.42592592592592593
MultinomialNB,1.0,0.42328042328042326
MultinomialNB,1.0,0.42063492063492064
MultinomialNB,1.0,0.41798941798941797
MultinomialNB,1.0,0.41534391534391535
MultinomialNB,1.0,0.4126984126984127
MultinomialNB,1.0,0.41005291005291006
MultinomialNB,1.0,0.4074074074074074
MultinomialNB,1.0,0.40476190476190477
MultinomialNB,1.0,0.4021164021164021
MultinomialNB,1.0,0.3994708994708995
MultinomialNB,1.0,0.3968253968253968
MultinomialNB,1.0,0.3941798941798942
MultinomialNB,1.0,0.3915343915343915
MultinomialNB,1.0,0.3888888888888889
MultinomialNB,1.0,0.3862433862433862
MultinomialNB,1.0,0.3835978835978836
MultinomialNB,1.0,0.38095238095238093
MultinomialNB,1.0,0.3783068783068783
MultinomialNB,1.0,0.37566137566137564
MultinomialNB,1.0,0.373015873015873
MultinomialNB,1.0,0.37037037037037035
MultinomialNB,1.0,0.36772486772486773
MultinomialNB,1.0,0.36507936507936506
MultinomialNB,1.0,0.36243386243386244
MultinomialNB,1.0,0.35978835978835977
MultinomialNB,1.0,0.35714285714285715
MultinomialNB,1.0,0.3544973544973545
MultinomialNB,1.0,0.35185185185185186
MultinomialNB,1.0,0.3492063492063492
MultinomialNB,1.0,0.34656084656084657
MultinomialNB,1.0,0.3439153439153439
MultinomialNB,1.0,0.3412698412698413
MultinomialNB,1.0,0.3386243386243386
MultinomialNB,1.0,0.335978835978836
MultinomialNB,1.0,0.3333333333333333
MultinomialNB,1.0,0.3306878306878307
MultinomialNB,1.0,0.328042328042328
MultinomialNB,1.0,0.3253968253968254
MultinomialNB,1.0,0.32275132275132273
MultinomialNB,1.0,0.3201058201058201
MultinomialNB,1.0,0.31746031746031744
MultinomialNB,1.0,0.3148148148148148
MultinomialNB,1.0,0.31216931216931215
MultinomialNB,1.0,0.30952380952380953
MultinomialNB,1.0,0.30687830687830686
MultinomialNB,1.0,0.30423280423280424
MultinomialNB,1.0,0.30158730158730157
MultinomialNB,1.0,0.29894179894179895
MultinomialNB,1.0,0.2962962962962963
MultinomialNB,1.0,0.29365079365079366
MultinomialNB,1.0,0.291005291005291
MultinomialNB,1.0,0.28835978835978837
MultinomialNB,1.0,0.2857142857142857
MultinomialNB,1.0,0.2830687830687831
MultinomialNB,1.0,0.2804232804232804
MultinomialNB,1.0,0.2777777777777778
MultinomialNB,1.0,0.2724867724867725
MultinomialNB,1.0,0.2698412698412698
MultinomialNB,1.0,0.2671957671957672
MultinomialNB,1.0,0.26455026455026454
MultinomialNB,1.0,0.2619047619047619
MultinomialNB,1.0,0.25925925925925924
MultinomialNB,1.0,0.2566137566137566
MultinomialNB,1.0,0.25396825396825395
MultinomialNB,1.0,0.25132275132275134
MultinomialNB,1.0,0.24867724867724866
MultinomialNB,1.0,0.24603174603174602
MultinomialNB,1.0,0.24338624338624337
MultinomialNB,1.0,0.24074074074074073
MultinomialNB,1.0,0.23809523809523808
MultinomialNB,1.0,0.23544973544973544
MultinomialNB,1.0,0.2328042328042328
MultinomialNB,1.0,0.23015873015873015
MultinomialNB,1.0,0.2275132275132275
MultinomialNB,1.0,0.22486772486772486
MultinomialNB,1.0,0.2222222222222222
MultinomialNB,1.0,0.21957671957671956
MultinomialNB,1.0,0.21693121693121692
MultinomialNB,1.0,0.21428571428571427
MultinomialNB,1.0,0.21164021164021163
MultinomialNB,1.0,0.20899470899470898
MultinomialNB,1.0,0.20634920634920634
MultinomialNB,1.0,0.2037037037037037
MultinomialNB,1.0,0.20105820105820105
MultinomialNB,1.0,0.1984126984126984
MultinomialNB,1.0,0.19576719576719576
MultinomialNB,1.0,0.1931216931216931
MultinomialNB,1.0,0.19047619047619047
MultinomialNB,1.0,0.18783068783068782
MultinomialNB,1.0,0.18518518518518517
MultinomialNB,1.0,0.18253968253968253
MultinomialNB,1.0,0.17989417989417988
MultinomialNB,1.0,0.17724867724867724
MultinomialNB,1.0,0.1746031746031746
MultinomialNB,1.0,0.17195767195767195
MultinomialNB,1.0,0.1693121693121693
MultinomialNB,1.0,0.16666666666666666
MultinomialNB,1.0,0.164021164021164
MultinomialNB,1.0,0.16137566137566137
MultinomialNB,1.0,0.15873015873015872
MultinomialNB,1.0,0.15608465608465608
MultinomialNB,1.0,0.15343915343915343
MultinomialNB,1.0,0.15079365079365079
MultinomialNB,1.0,0.14814814814814814
MultinomialNB,1.0,0.1455026455026455
MultinomialNB,1.0,0.14285714285714285
MultinomialNB,1.0,0.1402116402116402
MultinomialNB,1.0,0.13756613756613756
MultinomialNB,1.0,0.1349206349206349
MultinomialNB,1.0,0.13227513227513227
MultinomialNB,1.0,0.12962962962962962
MultinomialNB,1.0,0.12698412698412698
MultinomialNB,1.0,0.12433862433862433
MultinomialNB,1.0,0.12169312169312169
MultinomialNB,1.0,0.11904761904761904
MultinomialNB,1.0,0.1164021164021164
MultinomialNB,1.0,0.11375661375661375
MultinomialNB,1.0,0.1111111111111111
MultinomialNB,1.0,0.10846560846560846
MultinomialNB,1.0,0.10582010582010581
MultinomialNB,1.0,0.10317460317460317
MultinomialNB,1.0,0.10052910052910052
MultinomialNB,1.0,0.09788359788359788
MultinomialNB,1.0,0.09523809523809523
MultinomialNB,1.0,0.09259259259259259
MultinomialNB,1.0,0.08994708994708994
MultinomialNB,1.0,0.0873015873015873
MultinomialNB,1.0,0.08465608465608465
MultinomialNB,1.0,0.082010582010582
MultinomialNB,1.0,0.07936507936507936
MultinomialNB,1.0,0.07671957671957672
MultinomialNB,1.0,0.07407407407407407
MultinomialNB,1.0,0.07142857142857142
MultinomialNB,1.0,0.06878306878306878
MultinomialNB,1.0,0.06613756613756613
MultinomialNB,1.0,0.06349206349206349
MultinomialNB,1.0,0.06084656084656084
MultinomialNB,1.0,0.0582010582010582
MultinomialNB,1.0,0.05555555555555555
MultinomialNB,1.0,0.05291005291005291
MultinomialNB,1.0,0.05026455026455026
MultinomialNB,1.0,0.047619047619047616
MultinomialNB,1.0,0.04497354497354497
MultinomialNB,1.0,0.042328042328042326
MultinomialNB,1.0,0.03968253968253968
MultinomialNB,1.0,0.037037037037037035
MultinomialNB,1.0,0.03439153439153439
MultinomialNB,1.0,0.031746031746031744
MultinomialNB,1.0,0.0291005291005291
MultinomialNB,1.0,0.026455026455026454
MultinomialNB,1.0,0.023809523809523808
MultinomialNB,1.0,0.021164021164021163
MultinomialNB,1.0,0.018518518518518517
MultinomialNB,1.0,0.015873015873015872
MultinomialNB,1.0,0.013227513227513227
MultinomialNB,1.0,0.010582010582010581
MultinomialNB,1.0,0.007936507936507936
MultinomialNB,1.0,0.005291005291005291
MultinomialNB,1.0,0.0026455026455026454
MultinomialNB,1.0,0.0
RandomForest,0.3129139072847682,1.0
RandomForest,0.336,1.0
RandomForest,0.3659244917715392,1.0
RandomForest,0.39705882352941174,1.0
RandomForest,0.4190687361419069,1.0
RandomForest,0.43953488372093025,1.0
RandomForest,0.4576271186440678,1.0
RandomForest,0.47368421052631576,1.0
RandomForest,0.4980237154150198,1.0
RandomForest,0.5156889495225102,1.0
RandomForest,0.5346534653465347,1.0
RandomForest,0.5518248175182482,1.0
RandomForest,0.5701357466063348,1.0
RandomForest,0.5943396226415094,1.0
RandomForest,0.6116504854368932,1.0
RandomForest,0.6310517529215359,1.0
RandomForest,0.6461538461538462,1.0
RandomForest,0.6619964973730298,1.0
RandomForest,0.6678445229681979,1.0
RandomForest,0.6786355475763016,1.0
RandomForest,0.6847826086956522,1.0
RandomForest,0.6961325966850829,1.0
RandomForest,0.7065420560747664,1.0
RandomForest,0.7213740458015268,1.0
RandomForest,0.7297297297297297,1.0
RandomForest,0.73828125,1.0
RandomForest,0.7411764705882353,1.0
RandomForest,0.7470355731225297,1.0
RandomForest,0.7529880478087649,1.0
RandomForest,0.7605633802816901,1.0
RandomForest,0.7651821862348178,1.0
RandomForest,0.7730061349693251,1.0
RandomForest,0.7777777777777778,1.0
RandomForest,0.7793814432989691,1.0
RandomForest,0.7842323651452282,1.0
RandomForest,0.7941176470588235,1.0
RandomForest,0.7974683544303798,1.0
RandomForest,0.802547770700637,1.0
RandomForest,0.8076923076923077,1.0
RandomForest,0.8094218415417559,1.0
RandomForest,0.8146551724137931,1.0
RandomForest,0.8181818181818182,1.0
RandomForest,0.8253275109170306,1.0
RandomForest,0.8325991189427313,1.0
RandomForest,0.8344370860927153,1.0
RandomForest,0.8362831858407079,1.0
RandomForest,0.84,1.0
RandomForest,0.84375,1.0
RandomForest,0.8456375838926175,1.0
RandomForest,0.8475336322869955,1.0
RandomForest,0.8532731376975169,1.0
RandomForest,0.8571428571428571,1.0
RandomForest,0.8590909090909091,1.0
RandomForest,0.8610478359908884,1.0
RandomForest,0.8649885583524027,1.0
RandomForest,0.8689655172413793,1.0
RandomForest,0.8709677419354839,1.0
RandomForest,0.877030162412993,1.0
RandomForest,0.8790697674418605,1.0
RandomForest,0.8894117647058823,1.0
RandomForest,0.8957345971563981,1.0
RandomForest,0.9043062200956937,1.0
RandomForest,0.9086538461538461,1.0
RandomForest,0.9108433734939759,1.0
RandomForest,0.9130434782608695,1.0
RandomForest,0.9174757281553398,1.0
RandomForest,0.9195121951219513,0.9973544973544973
RandomForest,0.921760391198044,0.9973544973544973
RandomForest,0.9262899262899262,0.9973544973544973
RandomForest,0.9285714285714286,0.9973544973544973
RandomForest,0.9282178217821783,0.9920634920634921
RandomForest,0.9280397022332506,0.9894179894179894
RandomForest,0.9303482587064676,0.9894179894179894
RandomForest,0.935,0.9894179894179894
RandomForest,0.9373433583959899,0.9894179894179894
RandomForest,0.9396984924623115,0.9894179894179894
RandomForest,0.9420654911838791,0.9894179894179894
RandomForest,0.9444444444444444,0.9894179894179894
RandomForest,0.9443037974683545,0.9867724867724867
RandomForest,0.9467005076142132,0.9867724867724867
RandomForest,0.9465648854961832,0.9841269841269841
RandomForest,0.9489795918367347,0.9841269841269841
RandomForest,0.9514066496163683,0.9841269841269841
RandomForest,0.9538461538461539,0.9841269841269841
RandomForest,0.9562982005141388,0.9841269841269841
RandomForest,0.9587628865979382,0.9841269841269841
RandomForest,0.9612403100775194,0.9841269841269841
RandomForest,0.9637305699481865,0.9841269841269841
RandomForest,0.9662337662337662,0.9841269841269841
RandomForest,0.9661458333333334,0.9814814814814815
RandomForest,0.9686684073107049,0.9814814814814815
RandomForest,0.9712041884816754,0.9814814814814815
RandomForest,0.9711286089238845,0.9788359788359788
RandomForest,0.9710526315789474,0.9761904761904762
RandomForest,0.9736147757255936,0.9761904761904762
RandomForest,0.9735449735449735,0.9735449735449735
RandomForest,0.9761273209549072,0.9735449735449735
RandomForest,0.9787234042553191,0.9735449735449735
RandomForest,0.9812834224598931,0.9708994708994709
RandomForest,0.9812332439678284,0.9682539682539683
RandomForest,0.9811827956989247,0.9656084656084656
RandomForest,0.9811320754716981,0.9629629629629629
RandomForest,0.981081081081081,0.9603174603174603
RandomForest,0.981029810298103,0.9576719576719577
RandomForest,0.9809782608695652,0.955026455026455
RandomForest,0.9836065573770492,0.9523809523809523
RandomForest,0.9862258953168044,0.9470899470899471
RandomForest,0.9861878453038674,0.9444444444444444
RandomForest,0.9861495844875346,0.9417989417989417
RandomForest,0.9861111111111112,0.9391534391534392
RandomForest,0.9888268156424581,0.9365079365079365
RandomForest,0.9887640449438202,0.9312169312169312
RandomForest,0.9887323943661972,0.9285714285714286
RandomForest,0.9915254237288136,0.9285714285714286
RandomForest,0.9915014164305949,0.9259259259259259
RandomForest,0.9914772727272727,0.9232804232804233
RandomForest,0.9914529914529915,0.9206349206349206
RandomForest,0.9913294797687862,0.9074074074074074
RandomForest,0.991304347826087,0.9047619047619048
RandomForest,0.9912790697674418,0.9021164021164021
RandomForest,0.9912536443148688,0.8994708994708994
RandomForest,0.9912280701754386,0.8968253968253969
RandomForest,0.9912023460410557,0.8941798941798942
RandomForest,0.9911764705882353,0.8915343915343915
RandomForest,0.9911504424778761,0.8888888888888888
RandomForest,0.9911242603550295,0.8862433862433863
RandomForest,0.9910979228486647,0.8835978835978836
RandomForest,0.9940119760479041,0.8783068783068783
RandomForest,0.9939577039274925,0.8703703703703703
RandomForest,0.993920972644377,0.8650793650793651
RandomForest,0.9939024390243902,0.8624338624338624
RandomForest,0.9938461538461538,0.8544973544973545
RandomForest,0.9938080495356038,0.8492063492063492
RandomForest,0.9937888198757764,0.8465608465608465
RandomForest,0.9937694704049844,0.843915343915344
RandomForest,0.996875,0.843915343915344
RandomForest,0.9968652037617555,0.8412698412698413
RandomForest,0.9968354430379747,0.8333333333333334
RandomForest,1.0,0.8333333333333334
RandomForest,1.0,0.8227513227513228
RandomForest,1.0,0.8174603174603174
RandomForest,1.0,0.8148148148148148
RandomForest,1.0,0.8121693121693122
RandomForest,1.0,0.8068783068783069
RandomForest,1.0,0.798941798941799
RandomForest,1.0,0.791005291005291
RandomForest,1.0,0.7857142857142857
RandomForest,1.0,0.7777777777777778
RandomForest,1.0,0.7671957671957672
RandomForest,1.0,0.7566137566137566
RandomForest,1.0,0.753968253968254
RandomForest,1.0,0.7433862433862434
RandomForest,1.0,0.7354497354497355
RandomForest,1.0,0.7142857142857143
RandomForest,1.0,0.7063492063492064
RandomForest,1.0,0.6957671957671958
RandomForest,1.0,0.6772486772486772
RandomForest,1.0,0.6693121693121693
RandomForest,1.0,0.6507936507936508
RandomForest,1.0,0.6428571428571429
RandomForest,1.0,0.6216931216931217
RandomForest,1.0,0.6137566137566137
RandomForest,1.0,0.5978835978835979
RandomForest,1.0,0.5873015873015873
RandomForest,1.0,0.582010582010582
RandomForest,1.0,0.5634920634920635
RandomForest,1.0,0.5582010582010583
RandomForest,1.0,0.5423280423280423
RandomForest,1.0,0.5211640211640212
RandomForest,1.0,0.5026455026455027
RandomForest,1.0,0.48677248677248675
RandomForest,1.0,0.4576719576719577
RandomForest,1.0,0.4312169312169312
RandomForest,1.0,0.4021164021164021
RandomForest,1.0,0.38095238095238093
RandomForest,1.0,0.34656084656084657
RandomForest,1.0,0.31216931216931215
RandomForest,1.0,0.2724867724867725
RandomForest,1.0,0.24338624338624337
RandomForest,1.0,0.21693121693121692
RandomForest,1.0,0.1746031746031746
RandomForest,1.0,0.12962962962962962
RandomForest,1.0,0.09523809523809523
RandomForest,1.0,0.06084656084656084
RandomForest,1.0,0.031746031746031744
RandomForest,1.0,0.007936507936507936
RandomForest,1.0,0.0
